Sample,Condition,Sex,Week,BodyWeight,IVSd,LVIDd,LVPWd,LVIDs,EF,FS,IVRT,A.durr,E.durr,Ea.Aa
EQ4-A1,Control,M,0,32.9,1.2,3.5,0.7,1.8,85.42,47.37,8,44,12,1.120
EQ4-A2,Control,M,0,30,0.7,3.5,1.1,1.8,85.42,47.37,24,36,32,1.000
EQ4-A3,Control,M,0,35.8,0.9,5.2,0.6,2.9,82.31,43.86,8,44,12,1.030
EQ4-A4,Control,M,0,37.4,0.7,3.3,1.1,1.5,91.22,55.56,4,28,24,1.120
EQ4-B1,Rapa,M,0,36.6,0.8,3.9,0.5,2.5,75.24,37.21,20,40,12,1.140
EQ4-B2,Rapa,M,0,34.3,0.9,4.4,0.9,2.6,80.15,41.67,16,40,28,0.930
EQ4-B3,Rapa,M,0,37.3,0.6,4.6,0.7,3.2,65.7,30,0,60,20,1.080
EQ4-B4,Rapa,M,0,33.4,0.9,3.7,1,1.9,85.53,47.5,4,44,12,1.110
EQ4-C1,Pers,M,0,33.7,0.8,4.2,0.6,2.5,79.78,41.3,8,56,20,1.050
EQ4-C2,Pers,M,0,35.9,0.6,4.2,0.6,2.4,81.94,43.48,0,40,12,1.000
EQ4-C3,Pers,M,0,30.9,0.8,3.7,0.8,1.8,88.39,51.22,12,36,12,1.070
EQ4-D1,Control,M,0,35.2,0.6,4,0.6,2.5,76.89,38.64,12,48,16,1.120
EQ4-D2,Control,M,0,35.1,1.1,3.8,0.8,2.2,81.64,42.86,0,48,12,1.170
EQ4-D3,Control,M,0,35.3,0.9,3.9,0.8,2.5,75.24,37.21,20,44,16,1.155
EQ4-D4,Control,M,0,36.9,0.8,3.7,0.4,2.1,82.35,43.9,4,52,8,1.180
EQ4-E1,Rapa,M,0,32.7,0.4,4.7,0.4,2.6,81.61,43.14,8,48,20,1.255
EQ4-E2,Rapa,M,0,32,0.5,4.4,0.7,2.6,80.15,41.67,8,48,4,1.125
EQ4-E3,Rapa,M,0,29.9,0.7,4.2,0.6,2.9,66.34,30.43,8,44,20,1.180
EQ4-F1,Control,M,0,36,0.9,3.6,0.9,1.9,84.39,46.15,16,40,20,1.040
EQ4-F2,Control,M,0,32.1,1,3.4,0.8,1.8,84.21,45.95,16,44,20,1.070
EQ4-F3,Control,M,0,34.1,0.9,4.2,0.8,2.3,83.95,45.65,12,44,20,1.110
EQ4-F4,Control,M,0,,,,,,,,,,,
EQ4-G1,Rapa,M,0,41.1,0.5,3.8,0.5,2.5,73.43,35.71,8,44,12,1.060
EQ4-G2,Rapa,M,0,38.2,0.6,4.2,0.7,2.4,81.94,43.48,4,36,12,1.070
EQ4-G3,Rapa,M,0,33.7,0.7,4,0.6,2.6,71.37,34.09,8,44,12,1.120
EQ4-G4,Rapa,M,0,42,0.9,3.2,0.6,1.6,86.4,48.57,8,44,20,1.070
EQ4-H1,Pers,M,0,37.7,0.8,3.4,0.7,1.7,86.46,48.65,16,52,12,1.040
EQ4-H2,Pers,M,0,36,0.5,4.1,0.5,2.7,70.37,33.33,8,48,16,1.230
EQ4-H3,Pers,M,0,32.9,0.7,4.2,0.6,2.6,77.45,39.13,16,44,24,1.160
EQ4-H4,Pers,M,0,34.8,1.1,3.6,0.7,2.3,73.66,35.9,8,40,16,1.130
EQ4-I1,Rapa,M,0,32.1,0.6,3.9,0.9,2.6,72.39,34.88,20,52,20,1.140
EQ4-I2,Rapa,M,0,32.2,0.5,4.3,0.7,2.9,68.44,31.91,12,48,8,1.030
EQ4-I3,Rapa,M,0,37.2,0.7,3.7,0.5,1.9,86.56,48.78,0,44,8,1.160
EQ4-J1,Pers,M,0,32.5,0.5,4.2,0.8,2.7,72.26,34.78,28,56,32,1.175
EQ4-J2,Pers,M,0,33.3,0.8,3.6,0.7,2.2,76.7,38.46,12,48,12,1.080
EQ4-J3,Pers,M,0,32.4,0.6,3.8,0.6,2.4,76.28,38.1,4,44,12,1.030
EQ4-K1,Control,M,0,34.4,0.6,3.2,0.8,1.9,78.4,40,12,40,28,1.000
EQ4-K2,Control,M,0,35.5,0.5,4,0.7,2.4,79.37,40.91,16,52,20,
EQ4-L1,Pers,M,0,40.5,0.8,4.5,0.7,3,69.45,32.65,12,40,4,1.090
EQ4-L2,Pers,M,0,34.9,0.6,4.7,0.8,2.6,81.61,43.14,4,40,16,1.100
EQ4-L3,Pers,M,0,35.8,0.8,3.4,0.9,1.6,90.3,54.05,16,52,8,1.140
EQ4-L4,Pers,M,0,36.5,0.8,3.7,0.9,2.2,79.94,41.46,16,48,20,1.070
EQ4-M1,Control,M,0,40.1,0.6,4.6,0.5,2.8,76.17,38,24,44,36,1.120
EQ4-M2,Control,M,0,36.5,0.6,4.6,0.6,3.3,62.68,28,8,40,24,1.130
EQ4-M3,Control,M,0,36.5,0.7,4.5,0.5,2.6,81.34,42.86,0,40,4,0.920
EQ4-M4,Control,M,0,,,,,,,,,,,
EQ4-N1,Control,M,0,41.2,1.2,3.4,0.9,1.3,94.58,62.16,8,44,16,1.000
EQ4-N2,Control,M,0,35.9,0.5,3.9,0.6,2.1,84.7,46.51,12,40,12,0.900
EQ4-N3,Control,M,0,34.9,0.9,3.8,0.6,2.2,81.34,42.86,8,40,12,1.030
EQ4-O1,Rapa,M,0,37.1,1.1,3.8,0.8,1.8,89.2,52.38,16,40,24,0.990
EQ4-O2,Rapa,M,0,35.9,0.7,4.3,0.6,3.4,51.21,21.28,20,40,28,1.050
EQ4-O3,Rapa,M,0,34.7,0.8,3.1,1,1.7,82.55,44.12,16,40,16,1.030
EQ4-O4,Rapa,M,0,34.6,0.6,3.7,0.6,1.9,86.56,48.78,4,44,8,1.000
EQ4-P1,Control,M,0,35.4,0.6,3.6,0.7,1.8,86.51,48.72,16,40,20,1.000
EQ4-P2,Control,M,0,35.9,1,3.5,1,1.7,87.5,50,12,40,12,1.000
EQ4-P3,Control,M,0,32.9,0.5,3.7,0.6,1.8,87.5,50,16,36,16,1.050
EQ4-Q1,Rapa,M,0,42.3,0.7,3.8,0.6,2.1,83.58,45.24,28,40,32,1.110
EQ4-Q2,Rapa,M,0,33.1,1,3,0.6,1.6,83.77,45.45,12,40,20,1.120
EQ4-Q3,Rapa,M,0,33.8,0.7,4.2,0.5,2.7,72.26,34.78,20,48,12,1.040
EQ4-Q4,Rapa,M,0,31,0.7,3.2,0.6,1.6,88.54,51.43,16,40,0,1.310
EQ4-R1,Control,M,0,34.3,0.6,3.7,0.6,2.2,79.94,41.46,12,36,20,
EQ4-R2,Control,M,0,34.6,0.5,3,0.9,1.6,83.77,45.45,12,44,12,1.060
EQ4-R3,Control,M,0,,,,,,,,,,,
EQ4-S1,Pers,M,0,39.6,0.6,3.8,0.7,2,85.63,47.62,20,44,8,1.150
EQ4-S2,Pers,M,0,37.5,1.1,3.4,0.5,1.8,84.21,45.95,16,44,20,0.910
EQ4-S3,Pers,M,0,35.7,0.7,3.9,0.5,1.8,89.94,53.49,8,36,4,1.210
EQ4-S4,Pers,M,0,27.2,0.5,2.8,1.3,1.5,86.25,48.39,8,44,8,1.090
EQ4-T1,Pers,M,0,32.3,0.5,3.2,0.7,1.7,84,45.71,28,56,16,1.200
EQ4-T2,Pers,M,0,36.1,0.5,3.8,0.6,2.5,73.43,35.71,24,48,24,0.920
EQ4-T3,Pers,M,0,33.2,0.7,4.3,0.6,2.8,71.31,34.04,4,40,24,0.860
EQ4-U1,Rapa,M,0,39,0.5,4.7,0.5,3.2,67.68,31.37,24,40,28,1.190
EQ4-U2,Rapa,M,0,44.1,0.5,3.7,0.6,2,84.55,46.34,16,40,16,1.150
EQ4-U3,Rapa,M,0,36.8,1,3.5,0.8,2,80.59,42.11,20,36,16,1.145
EQ4-U4,Rapa,M,0,37,0.8,2.6,1.1,1.2,89.99,53.57,8,32,12,0.880
EQ4-A1,Control,M,8,31.2,0.9,3.4,0.7,1.6,88.49,51.35,12,52,8,1.130
EQ4-A2,Control,M,8,29.2,0.7,3.7,0.8,2.4,74.5,36.59,20,56,32,1.120
EQ4-A3,Control,M,8,34.7,0.7,5.4,0.5,3.3,77.28,38.98,4,44,12,1.100
EQ4-A4,Control,M,8,,,,,,,,,,,
EQ4-B1,Rapa,M,8,34.6,0.5,3.4,0.6,2,78.98,40.54,12,48,12,1.130
EQ4-B2,Rapa,M,8,33.4,0.7,4.1,0.6,2.4,80.71,42.22,0,48,12,1.170
EQ4-B3,Rapa,M,8,36.5,0.6,4.5,0.5,2.6,81.34,42.86,4,48,8,1.285
EQ4-B4,Rapa,M,8,31.5,0.6,3,0.5,1.7,80.91,42.42,12,52,12,1.160
EQ4-C1,Pers,M,8,,,,,,,,,,,
EQ4-C2,Pers,M,8,34.1,0.5,4,0.5,2.3,81.66,43.18,8,44,12,1.260
EQ4-C3,Pers,M,8,30.3,0.6,3.7,0.6,1.9,85.53,47.5,4,48,12,1.190
EQ4-D1,Control,M,8,34.8,0.5,3.4,0.6,1.8,84.21,45.95,24,48,20,1.130
EQ4-D2,Control,M,8,35.1,0.6,3.5,0.5,1.5,92.54,57.89,0,48,12,1.000
EQ4-D3,Control,M,8,34.1,0.6,3.6,0.7,2,82.05,43.59,16,48,8,1.070
EQ4-D4,Control,M,8,36.6,0.6,3.8,0.5,2.2,81.34,42.86,4,44,12,1.190
EQ4-E1,Rapa,M,8,30.4,0.6,3.7,0.6,2,83.36,45,4,48,20,1.140
EQ4-E2,Rapa,M,8,,,,,,,,,,,
EQ4-E3,Rapa,M,8,,,,,,,,,,,
EQ4-F1,Control,M,8,36.2,0.6,3.4,0.5,1.9,81.72,43.24,8,40,0,1.090
EQ4-F2,Control,M,8,31.3,0.7,2.9,0.6,1.5,87.5,50,4,40,8,1.015
EQ4-F3,Control,M,8,34.6,0.6,4.1,0.6,2.5,78.4,40,0,44,8,1.040
EQ4-F4,Control,M,8,,,,,,,,,,,
EQ4-G1,Rapa,M,8,41.3,0.8,3.8,1,1.9,87.5,50,12,44,12,1.275
EQ4-G2,Rapa,M,8,38.5,0.6,3.8,0.6,2.1,83.58,45.24,8,44,12,1.210
EQ4-G3,Rapa,M,8,31.4,0.7,3.5,0.7,1.6,89.37,52.63,12,52,12,1.240
EQ4-G4,Rapa,M,8,41.3,0.6,4.1,0.9,2.1,86.65,48.89,8,52,8,1.230
EQ4-H1,Pers,M,8,,,,,,,,,,,
EQ4-H2,Pers,M,8,34.3,0.6,4.2,0.4,2.3,83.95,45.65,0,44,12,1.190
EQ4-H3,Pers,M,8,34.8,0.5,4.7,0.6,2.6,83.45,45.1,16,48,16,1.060
EQ4-H4,Pers,M,8,34.5,0.5,3.7,0.7,2,84.55,46.34,0,40,20,1.220
EQ4-I1,Rapa,M,8,31.5,0.6,4.4,0.5,2.7,75.59,37.5,20,52,8,1.170
EQ4-I2,Rapa,M,8,30.7,0.7,4.1,0.5,2.3,82.85,44.44,8,44,12,1.300
EQ4-I3,Rapa,M,8,37.8,0.6,3.5,0.7,1.5,92.54,57.89,0,44,16,1.240
EQ4-J1,Pers,M,8,32.3,0.5,4.1,0.5,2.5,78.4,40,12,48,16,1.180
EQ4-J2,Pers,M,8,34,0.5,3.7,0.6,2.1,82.35,43.9,4,56,12,1.225
EQ4-J3,Pers,M,8,32.3,0.5,4.1,0.5,2.3,82.85,44.44,0,44,12,1.220
EQ4-K1,Control,M,8,34.2,0.8,3.9,0.8,2.3,80.35,41.86,12,56,8,1.075
EQ4-K2,Control,M,8,30.8,0.7,3.7,0.8,2.1,80.99,42.5,4,48,8,1.060
EQ4-L1,Pers,M,8,38,0.8,4.1,0.7,2.4,80.71,42.22,12,52,12,1.280
EQ4-L2,Pers,M,8,36.4,0.7,4.7,0.7,2.9,76.7,38.46,16,56,24,1.280
EQ4-L3,Pers,M,8,35.5,0.8,3.4,0.8,1.8,84.21,45.95,12,40,20,1.095
EQ4-L4,Pers,M,8,35,0.5,4,0.6,2.5,76.89,38.64,16,48,16,1.260
EQ4-M1,Control,M,8,37.9,0.8,3.8,0.6,2.1,83.58,45.24,20,56,8,0.970
EQ4-M2,Control,M,8,36.7,0.6,4.2,0.6,2.5,79.78,41.3,4,44,8,1.120
EQ4-M3,Control,M,8,36.4,0.8,4.2,0.6,2.5,79.78,41.3,8,36,12,1.000
EQ4-M4,Control,M,8,,,,,,,,,,,
EQ4-N1,Control,M,8,37.5,0.6,3.6,0.9,1.9,84.39,46.15,12,44,20,1.080
EQ4-N2,Control,M,8,35,0.6,4,0.6,2.4,79.37,40.91,12,40,12,1.055
EQ4-N3,Control,M,8,,,,,,,,,,,
EQ4-O1,Rapa,M,8,35.1,0.8,3.7,0.7,1.6,91.54,56.1,0,44,12,1.265
EQ4-O2,Rapa,M,8,35.1,0.6,4.1,0.6,2.2,84.83,46.67,8,44,8,1.195
EQ4-O3,Rapa,M,8,32.8,0.6,3.4,0.9,1.7,86.46,48.65,0,48,12,1.260
EQ4-O4,Rapa,M,8,34.3,0.6,3.9,0.7,1.8,89.94,53.49,4,48,12,1.180
EQ4-P1,Control,M,8,34.7,0.9,3.7,0.7,1.6,90.89,55,12,52,12,1.090
EQ4-P2,Control,M,8,34.7,0.8,4.4,0.8,2.6,77.95,39.58,8,40,20,1.040
EQ4-P3,Control,M,8,33.8,0.6,4,0.5,2.6,71.37,34.09,0,48,12,1.000
EQ4-Q1,Rapa,M,8,39.9,0.6,4.3,0.7,2.6,78.86,40.43,8,52,16,1.335
EQ4-Q2,Rapa,M,8,32.7,0.6,3.9,0.6,2.4,77.89,39.53,24,52,12,1.300
EQ4-Q3,Rapa,M,8,30,0.6,4,0.5,2.2,83.77,45.45,20,56,8,1.285
EQ4-Q4,Rapa,M,8,35,0.8,3.8,0.6,1.8,89.2,52.38,8,40,12,1.160
EQ4-R1,Control,M,8,34,0.6,3.8,0.5,1.9,87.5,50,20,48,12,1.060
EQ4-R2,Control,M,8,33.6,0.5,4.8,0.8,2.8,79.99,41.51,0,40,8,1.070
EQ4-R3,Control,M,8,,,,,,,,,,,
EQ4-S1,Pers,M,8,38.6,0.5,3.6,0.6,2.1,79.49,41.03,28,48,12,1.165
EQ4-S2,Pers,M,8,38.1,0.7,4,0.6,2.1,85.72,47.73,20,44,16,1.117
EQ4-S3,Pers,M,8,35,0.8,3.7,0.7,1.8,88.39,51.22,16,44,12,1.155
EQ4-S4,Pers,M,8,,,,,,,,,,,
EQ4-T1,Pers,M,8,,,,,,,,,,,
EQ4-T2,Pers,M,8,35.2,0.5,3.8,0.7,2.4,76.28,38.1,20,52,16,1.130
EQ4-T3,Pers,M,8,32.9,0.7,4.5,0.5,2.6,79.27,40.82,16,48,16,1.235
EQ4-U1,Rapa,M,8,37.7,0.7,3.9,0.5,2.3,80.35,41.86,0,48,12,1.140
EQ4-U2,Rapa,M,8,42,0.6,3.9,0.6,2.3,80.35,41.86,8,48,8,1.220
EQ4-U3,Rapa,M,8,36.3,0.8,4.2,0.6,2.6,77.45,39.13,16,48,16,1.170
EQ4-U4,Rapa,M,8,37.9,0.6,4,0.5,2.4,79.37,40.91,12,52,12,1.225
EQ4-A1,Control,M,12,32.1,0.5,4.6,0.5,2.4,85.94,48,0,64,24,1.000
EQ4-A2,Control,M,12,30.3,0.5,3.7,0.7,2.1,82.35,43.9,8,44,12,1.030
EQ4-A3,Control,M,12,33.1,0.7,5.3,0.7,3.2,78.03,39.66,0,48,8,1.030
EQ4-A4,Control,M,12,,,,,,,,,,,
EQ4-B1,Rapa,M,12,34.6,0.6,3.7,0.7,1.6,92.87,58.54,12,56,0,1.220
EQ4-B2,Rapa,M,12,33.6,0.5,4,0.7,2.2,83.77,45.45,0,44,12,1.180
EQ4-B3,Rapa,M,12,36.1,0.7,3.9,0.5,2.3,80.35,41.86,4,44,8,1.240
EQ4-B4,Rapa,M,12,30.3,0.5,4,0.6,2.1,85.72,47.73,0,68,12,1.310
EQ4-C1,Pers,M,12,,,,,,,,,,,
EQ4-C2,Pers,M,12,33.1,0.6,4.1,0.5,2.4,80.71,42.22,0,48,12,1.150
EQ4-C3,Pers,M,12,28.6,0.5,4.2,0.6,2.5,79.78,41.3,0,56,12,1.240
EQ4-D1,Control,M,12,34.7,0.5,4.3,0.5,2.1,88.28,51.06,4,56,8,0.990
EQ4-D2,Control,M,12,32.4,0.5,4.4,0.6,2.6,77.95,39.58,0,48,12,1.090
EQ4-D3,Control,M,12,35,0.7,3.8,0.6,2,85.63,47.62,8,48,8,1.000
EQ4-D4,Control,M,12,36.9,0.7,3.4,0.5,1.9,81.72,43.24,12,44,24,1.000
EQ4-E1,Rapa,M,12,29.2,0.6,4.2,0.5,2.6,77.45,39.13,0,44,12,1.210
EQ4-E2,Rapa,M,12,,,,,,,,,,,
EQ4-E3,Rapa,M,12,,,,,,,,,,,
EQ4-F1,Control,M,12,,,,,,,,,,,
EQ4-F2,Control,M,12,,,,,,,,,,,
EQ4-F3,Control,M,12,,,,,,,,,,,
EQ4-F4,Control,M,12,,,,,,,,,,,
EQ4-G1,Rapa,M,12,37.7,0.5,4.3,0.5,2.5,81.04,42.55,8,56,8,1.180
EQ4-G2,Rapa,M,12,35.2,0.9,4.1,0.6,2.2,84.83,46.67,0,52,4,1.200
EQ4-G3,Rapa,M,12,30.6,0.7,3.3,0.6,1.6,87.5,50,0,44,12,1.130
EQ4-G4,Rapa,M,12,37.2,0.8,4.2,0.6,2.3,83.95,45.65,0,56,8,1.150
EQ4-H1,Pers,M,12,,,,,,,,,,,
EQ4-H2,Pers,M,12,32.5,0.5,3.8,0.5,2.2,81.34,42.86,8,48,8,1.220
EQ4-H3,Pers,M,12,33.6,0.5,4.5,0.5,2.6,81.34,42.86,8,48,16,1.140
EQ4-H4,Pers,M,12,33.3,0.6,3.9,0.5,2.3,80.35,41.86,4,48,12,1.190
EQ4-I1,Rapa,M,12,32.1,0.5,3.9,0.5,2.4,77.89,39.53,4,48,0,1.270
EQ4-I2,Rapa,M,12,31,0.7,4.1,0.6,2.7,70.37,33.33,0,52,8,1.240
EQ4-I3,Rapa,M,12,36.1,0.5,3.7,0.6,1.9,85.53,47.5,0,44,12,1.180
EQ4-J1,Pers,M,12,32.6,0.5,4.5,0.7,2.4,85.06,46.94,4,48,12,1.180
EQ4-J2,Pers,M,12,33.3,0.5,4,0.7,2.4,79.37,40.91,8,48,8,1.190
EQ4-J3,Pers,M,12,31.9,0.5,3.7,0.6,2,84.55,46.34,0,44,12,1.190
EQ4-K1,Control,M,12,34.6,0.6,4.9,0.5,2.7,82.85,44.44,12,56,8,1.070
EQ4-K2,Control,M,12,31.2,0.7,3.8,0.7,2.1,83.58,45.24,0,44,12,1.030
EQ4-L1,Pers,M,12,35.7,0.6,4.8,0.6,2.7,81.86,43.4,4,60,12,1.200
EQ4-L2,Pers,M,12,,,,,,,,,,,
EQ4-L3,Pers,M,12,33.5,0.7,3.9,0.5,2,86.61,48.84,4,48,8,1.215
EQ4-L4,Pers,M,12,33.1,0.4,3.9,0.5,2.2,82.61,44.19,8,48,8,1.170
EQ4-M1,Control,M,12,,,,,,,,,,,
EQ4-M2,Control,M,12,,,,,,,,,,,
EQ4-M3,Control,M,12,,,,,,,,,,,
EQ4-M4,Control,M,12,,,,,,,,,,,
EQ4-N1,Control,M,12,36.1,0.6,3.7,0.6,1.9,85.53,47.5,0,56,8,1.000
EQ4-N2,Control,M,12,33.3,0.6,3.9,0.6,2.2,82.61,44.19,0,48,12,1.030
EQ4-N3,Control,M,12,,,,,,,,,,,
EQ4-O1,Rapa,M,12,,,,,,,,,,,
EQ4-O2,Rapa,M,12,,,,,,,,,,,
EQ4-O3,Rapa,M,12,,,,,,,,,,,
EQ4-O4,Rapa,M,12,,,,,,,,,,,
EQ4-P1,Control,M,12,33.4,0.5,3.9,0.7,2,86.61,48.84,12,52,12,1.050
EQ4-P2,Control,M,12,32.8,0.6,4.7,0.7,3,74.44,36.54,8,44,16,1.000
EQ4-P3,Control,M,12,33.1,0.6,3.8,0.6,2.3,78.91,40.48,0,44,4,1.030
EQ4-Q1,Rapa,M,12,,,,,,,,,,,
EQ4-Q2,Rapa,M,12,,,,,,,,,,,
EQ4-Q3,Rapa,M,12,,,,,,,,,,,
EQ4-Q4,Rapa,M,12,,,,,,,,,,,
EQ4-R1,Control,M,12,33.1,0.8,3.9,0.6,1.9,88.35,51.16,16,52,8,1.070
EQ4-R2,Control,M,12,,,,,,,,,,,
EQ4-R3,Control,M,12,,,,,,,,,,,
EQ4-S1,Pers,M,12,36,0.5,3.7,0.5,2.1,82.35,43.9,0,40,12,1.170
EQ4-S2,Pers,M,12,32.4,0.6,3,0.7,1.6,86.33,48.48,0,48,12,1.210
EQ4-S3,Pers,M,12,33.9,0.5,3.8,0.5,2,85.63,47.62,8,48,0,1.170
EQ4-S4,Pers,M,12,,,,,,,,,,,
EQ4-T1,Pers,M,12,,,,,,,,,,,
EQ4-T2,Pers,M,12,33.8,0.5,3.7,0.5,2.2,78.4,40,12,44,28,1.210
EQ4-T3,Pers,M,12,31.9,0.6,3.7,0.6,2.1,82.35,43.9,0,44,12,1.190
EQ4-U1,Rapa,M,12,33.4,0.5,3.7,0.6,2.2,78.4,40,0,48,8,1.190
EQ4-U2,Rapa,M,12,36.2,0.5,4,0.5,2.1,85.72,47.73,24,56,12,1.350
EQ4-U3,Rapa,M,12,33.3,0.7,4.1,0.5,2.3,82.85,44.44,16,44,8,1.200
EQ4-U4,Rapa,M,12,35.1,0.6,3.9,0.6,1.9,88.35,51.16,12,52,8,1.310
EQ4-A1,Control,M,16,31.8,0.6,4.1,0.5,2.3,82.85,44.44,4,48,8,1.070
EQ4-A2,Control,M,16,30.3,1,3.6,0.8,1.8,86.51,48.72,0,44,8,1.075
EQ4-A3,Control,M,16,33.1,0.6,5.5,0.5,3.6,72.54,35,0,52,12,1.050
EQ4-A4,Control,M,16,,,,,,,,,,,
EQ4-B1,Rapa,M,16,34.5,0.8,3.9,0.8,2.3,80.35,41.86,12,52,12,1.320
EQ4-B2,Rapa,M,16,31.5,0.6,4.2,0.4,2.4,81.94,43.48,0,56,12,1.210
EQ4-B3,Rapa,M,16,36.7,0.8,4.7,0.6,2.8,77.54,39.22,0,48,12,1.280
EQ4-B4,Rapa,M,16,30.9,0.5,4.7,0.5,3,72.91,35.29,4,48,16,1.295
EQ4-C1,Pers,M,16,,,,,,,,,,,
EQ4-C2,Pers,M,16,33.5,0.7,4.4,0.5,2.6,77.95,39.58,0,48,16,1.200
EQ4-C3,Pers,M,16,29.9,0.5,4.6,0.5,3.1,68.56,32,4,48,12,1.240
EQ4-D1,Control,M,16,35.6,0.5,4.5,0.6,2.8,74.68,36.73,16,52,12,1.070
EQ4-D2,Control,M,16,29,0.5,4.5,0.5,2.6,81.34,42.86,4,60,16,1.090
EQ4-D3,Control,M,16,34,1,4.3,0.7,2.7,73.99,36.17,16,48,32,0.810
EQ4-D4,Control,M,16,36.9,0.7,3.9,0.5,2.6,72.39,34.88,8,44,8,0.970
EQ4-E1,Rapa,M,16,,,,,,,,,,,
EQ4-E2,Rapa,M,16,,,,,,,,,,,
EQ4-E3,Rapa,M,16,,,,,,,,,,,
EQ4-F1,Control,M,16,,,,,,,,,,,
EQ4-F2,Control,M,16,,,,,,,,,,,
EQ4-F3,Control,M,16,,,,,,,,,,,
EQ4-F4,Control,M,16,,,,,,,,,,,
EQ4-G1,Rapa,M,16,36.7,0.5,3.7,0.5,2.3,77.33,39.02,8,52,8,1.300
EQ4-G2,Rapa,M,16,33.9,0.6,3.9,0.6,2.1,84.7,46.51,4,52,8,1.330
EQ4-G3,Rapa,M,16,30.3,0.6,4,0.7,2.2,83.77,45.45,4,48,16,1.265
EQ4-G4,Rapa,M,16,35.6,0.6,4.4,0.8,2.6,77.95,39.58,8,48,12,1.390
EQ4-H1,Pers,M,16,,,,,,,,,,,
EQ4-H2,Pers,M,16,32.4,0.5,4.2,0.6,2.5,79.78,41.3,0,48,24,1.360
EQ4-H3,Pers,M,16,33.9,0.6,4.3,0.5,2.6,76.51,38.3,0,44,12,1.160
EQ4-H4,Pers,M,16,33.1,0.7,4.6,0.5,2.6,80.49,42,8,48,12,1.090
EQ4-I1,Rapa,M,16,31.1,0.5,4.1,0.7,2.5,78.4,40,12,56,8,1.170
EQ4-I2,Rapa,M,16,30.6,0.5,4.5,0.5,2.6,81.34,42.86,0,40,12,1.180
EQ4-I3,Rapa,M,16,36.3,0.6,4.2,0.5,2.6,74.94,36.96,0,52,8,1.160
EQ4-J1,Pers,M,16,32.7,0.6,4.4,0.6,2.3,85.87,47.92,0,48,8,1.280
EQ4-J2,Pers,M,16,32.5,0.6,3.6,0.7,1.6,90.17,53.85,4,44,12,1.250
EQ4-J3,Pers,M,16,31.9,0.8,4.3,0.6,2.6,78.86,40.43,0,44,8,1.440
EQ4-K1,Control,M,16,34.2,0.7,4.7,0.9,2.6,82.65,44.23,8,44,8,1.000
EQ4-K2,Control,M,16,32.1,0.6,4.2,0.8,2.6,74.94,36.96,8,44,20,1.065
EQ4-L1,Pers,M,16,34.9,0.6,5.2,0.6,3.4,72.65,35.09,0,64,28,1.200
EQ4-L2,Pers,M,16,,,,,,,,,,,
EQ4-L3,Pers,M,16,31.8,0.6,4.2,0.8,2.5,79.78,41.3,12,52,20,1.210
EQ4-L4,Pers,M,16,32.7,0.5,4.1,0.7,2.3,82.85,44.44,0,40,16,1.265
EQ4-M1,Control,M,16,,,,,,,,,,,
EQ4-M2,Control,M,16,,,,,,,,,,,
EQ4-M3,Control,M,16,,,,,,,,,,,
EQ4-M4,Control,M,16,,,,,,,,,,,
EQ4-N1,Control,M,16,33.8,0.8,4,0.8,2.3,81.66,43.18,0,56,12,0.930
EQ4-N2,Control,M,16,32.4,0.5,4.3,0.6,2.6,78.86,40.43,0,44,12,1.100
EQ4-N3,Control,M,16,,,,,,,,,,,
EQ4-O1,Rapa,M,16,,,,,,,,,,,
EQ4-O2,Rapa,M,16,,,,,,,,,,,
EQ4-O3,Rapa,M,16,,,,,,,,,,,
EQ4-O4,Rapa,M,16,,,,,,,,,,,
EQ4-P1,Control,M,16,33.2,0.6,4.3,0.7,2.4,83.07,44.68,8,60,12,1.030
EQ4-P2,Control,M,16,33,0.6,4.8,0.8,2.9,77.99,39.62,0,44,8,1.030
EQ4-P3,Control,M,16,32.8,0.8,4.7,0.6,3,74.44,36.54,12,48,20,1.030
EQ4-Q1,Rapa,M,16,,,,,,,,,,,
EQ4-Q2,Rapa,M,16,,,,,,,,,,,
EQ4-Q3,Rapa,M,16,,,,,,,,,,,
EQ4-Q4,Rapa,M,16,,,,,,,,,,,
EQ4-R1,Control,M,16,34.9,0.6,4,0.6,2.4,79.37,40.91,4,44,8,1.000
EQ4-R2,Control,M,16,,,,,,,,,,,
EQ4-R3,Control,M,16,,,,,,,,,,,
EQ4-S1,Pers,M,16,35.2,0.6,3.7,0.7,2.1,80.99,42.5,12,48,0,1.257
EQ4-S2,Pers,M,16,31.2,0.5,4.4,0.6,2.8,73.06,35.42,12,48,8,1.175
EQ4-S3,Pers,M,16,33,0.6,4,0.6,2.2,83.77,45.45,4,40,12,1.190
EQ4-S4,Pers,M,16,,,,,,,,,,,
EQ4-T1,Pers,M,16,,,,,,,,,,,
EQ4-T2,Pers,M,16,34.3,0.5,4.6,0.7,2.6,82.44,44,4,60,16,1.070
EQ4-T3,Pers,M,16,30.8,0.5,4.7,0.5,2.2,89.58,52.94,16,60,12,1.230
EQ4-U1,Rapa,M,16,,,,,,,,,,,
EQ4-U2,Rapa,M,16,34.1,0.6,3.4,0.6,1.7,86.45,48.65,8,36,4,1.170
EQ4-U3,Rapa,M,16,33.5,0.6,3.7,0.7,2.3,75.59,37.5,4,44,12,1.220
EQ4-U4,Rapa,M,16,34.2,0.6,4.4,0.7,2.3,85.87,47.92,0,44,12,1.355
EQ5-A1,Control,F,0,26.2,,,,,,,,,,
EQ5-A2,Control,F,0,27.4,0.6,3.7,0.7,2.3,77.33,39.02,56,16,8,1.16
EQ5-A3,Control,F,0,25.5,0.5,4.1,0.5,2.2,84.83,46.67,52,24,20,1.15
EQ5-B1,Rapa,F,0,30.4,0.7,4.2,0.5,2.3,83.95,45.65,46,24,16,1.1
EQ5-B2,Rapa,F,0,27.8,0.5,4.3,0.5,2.7,75.91,37.78,48,12,20,1.04
EQ5-B3,Rapa,F,0,26.2,0.8,2.8,0.6,1.5,86.25,48.39,40,16,8,1.12
EQ5-C1,Pers,F,0,28.9,0.7,3.2,0.5,1.5,90.45,54.29,40,20,12,1.17
EQ5-C2,Pers,F,0,31.1,0.5,3.5,0.4,1.9,93.12,44.74,44,8,0,1.06
EQ5-C3,Pers,F,0,27.2,0.6,3.7,0.5,2.6,65.7,30,40,12,0,1.105
EQ5-D1,Control,F,0,32.4,0.8,3.7,0.6,2.4,74.5,36.59,40,16,12,1
EQ5-D2,Control,F,0,30.6,0.6,3.3,0.5,1.8,82.85,44.44,40,12,8,1.08
EQ5-D3,Control,F,0,27.3,0.4,4.2,0.5,2.5,79.78,41.3,48,12,16,1.04
EQ5-D4,Control,F,0,26.9,0.6,4.2,0.5,2.6,77.45,39.13,44,16,8,0.93
EQ5-E1,Rapa,F,0,34.5,0.6,4.5,0.4,2.6,79.27,40.82,52,8,8,0.97
EQ5-E2,Rapa,F,0,25.7,0.6,4.1,0.6,2.6,73.24,35.56,44,8,0,1
EQ5-E3,Rapa,F,0,26.9,0.5,3.6,0.5,2,82.05,43.59,52,16,12,1.06
EQ5-E4,Rapa,F,0,22.1,0.5,3.3,0.5,1.8,82.85,44.44,48,8,12,1
EQ5-F1,Control,F,0,29.6,0.6,3.7,0.5,2,84.55,46.36,44,20,8,1.04
EQ5-F2,Control,F,0,33.2,0.6,3.9,0.6,2.5,75.24,37.21,48,20,16,1.04
EQ5-F3,Control,F,0,32.4,0.6,3.7,0.5,1.9,86.56,48.78,48,16,12,0.96
EQ5-F4,Control,F,0,,,,,,,,,,,
EQ5-G1,Control,F,0,29.7,1,3.6,0.5,2.1,79.49,41.03,40,16,16,1.04
EQ5-G2,Control,F,0,25.4,0.4,3.7,0.6,2,84.55,46.34,40,16,12,1.03
EQ5-G3,Control,F,0,35,0.5,3.7,0.6,2,84.55,46.34,52,4,8,1.07
EQ5-H1,Rapa,F,0,30.3,0.6,4,0.4,2.3,81.66,43.18,48,12,0,1.08
EQ5-H2,Rapa,F,0,23.6,0.5,2.6,0.5,1.6,79.86,41.38,44,20,8,1.06
EQ5-H3,Rapa,F,0,29.8,0.5,4.3,0.5,2.5,81.04,42.55,48,20,8,1.08
EQ5-I1,Pers,F,0,28.7,0.5,3.7,0.5,2.4,74.5,36.59,44,12,4,1
EQ5-I2,Pers,F,0,22.7,0.6,3.1,0.5,1.5,89.58,52.94,44,8,0,1.14
EQ5-I3,Pers,F,0,25.2,0.7,2.8,0.7,1.4,88.67,51.61,56,20,20,1.07
EQ5-J1,Rapa,F,0,27,0.6,4,0.5,2.2,93.77,45.45,48,4,8,1.04
EQ5-J2,Rapa,F,0,31.1,0.6,3.5,0.7,2.1,77.83,39.47,56,24,12,1.11
EQ5-J3,Rapa,F,0,28,0.5,3.9,0.5,2.2,82.61,44.19,52,24,16,1.07
EQ5-J4,Rapa,F,0,24.3,0.4,3.5,0.5,1.8,85.42,47.37,64,12,12,1.04
EQ5-K1,Control,F,0,26.6,0.5,3.7,0.5,1.9,85.53,47.5,48,4,4,1.065
EQ5-K2,Control,F,0,29.7,0.5,3.8,0.6,2.4,76.28,38.1,56,24,16,1
EQ5-K3,Control,F,0,30.5,0.8,3.1,0.6,1.7,82.55,44.12,52,20,20,1.03
EQ5-K4,Control,F,0,27.2,0.5,3.5,0.5,1.8,85.42,47.37,44,16,8,1
EQ5-L1,Control,F,0,32.2,0.5,4.1,0.6,2.6,73.24,35.56,48,20,12,1
EQ5-L2,Control,F,0,32.9,0.5,4.1,0.5,2.5,78.4,40,48,24,12,0.93
EQ5-L3,Control,F,0,29.2,0.5,3.4,0.5,2,78.99,40.54,44,12,4,1.07
EQ5-M1,Rapa,F,0,36.6,0.6,3.1,0.5,1.4,91.41,55.88,48,8,12,1.11
EQ5-M2,Rapa,F,0,27.1,0.4,4.4,0.4,2.8,73.06,35.42,44,16,8,1.03
EQ5-N1,Pers,F,0,24.3,0.5,3.5,0.6,1.7,87.5,50,44,16,8,1.14
EQ5-N2,Pers,F,0,26.7,0.5,3.8,0.6,2.3,78.91,40.48,48,20,12,1.03
EQ5-N3,Pers,F,0,26.6,0.5,3.2,0.5,1.8,81.34,42.86,48,24,24,1.04
EQ5-N4,Pers,F,0,27.5,0.5,3.9,0.5,2,86.61,48.84,44,12,8,1.06
EQ5-O1,Rapa,F,0,27.2,0.6,3.8,0.5,2,85.63,47.62,40,20,12,1.11
EQ5-O2,Rapa,F,0,27.1,0.5,4,0.5,2.4,79.37,40.91,40,20,16,1.07
EQ5-O3,Rapa,F,0,25,0.5,3.2,0.6,1.6,86.4,48.57,44,8,4,1.1
EQ5-O4,Rapa,F,0,24.9,0.5,4.4,0.5,2.8,73.06,35.42,56,12,16,1.07
EQ5-P1,Rapa,F,0,26.5,0.6,5.1,0.6,2.8,83.04,44.64,48,16,16,1.08
EQ5-P2,Rapa,F,0,28.8,0.8,2.6,0.6,1.1,92.13,57.14,44,16,8,1.08
EQ5-P3,Rapa,F,0,27.8,,,,,,,,,,
EQ5-Q1,Control,F,0,28.2,0.9,2.6,0.7,1.2,90.99,55.17,40,8,16,1.07
EQ5-Q2,Control,F,0,30.4,0.5,4.6,0.5,2.6,80.49,42,44,8,16,1.06
EQ5-Q3,Control,F,0,24.1,0.5,4.1,0.4,2.1,86.65,48.89,40,8,12,1
EQ5-Q4,Control,F,0,32.3,0.8,3.5,0.7,1.8,85.42,47.37,44,8,4,0.86
EQ5-Q5,Control,F,0,24.7,0.5,3.7,0.6,1.8,87.5,50,44,16,12,0.91
EQ5-R1,Pers,F,0,27.4,0.5,4.3,0.6,2.4,83.07,44.68,44,20,12,1.03
EQ5-R2,Pers,F,0,26,0.5,4.1,0.5,2.3,82.85,44.44,36,8,8,1.105
EQ5-R3,Pers,F,0,35.8,0.8,3.7,0.5,2.3,77.33,39.02,48,20,4,0.97
EQ5-R4,Pers,F,0,27.4,0.7,3.7,0.5,1.8,88.39,51.22,44,8,12,1.1
EQ5-R5,Pers,F,0,24.9,0.9,3.5,0.6,1.8,85.42,47.37,44,12,0,0.97
EQ5-S1,Pers,F,0,26.9,0.4,4,0.3,2.2,83.77,45.45,48,20,12,1.1
EQ5-S2,Pers,F,0,31.2,0.5,4.6,0.4,2.1,90.27,54,52,20,4,1.06
EQ5-S3,Pers,F,0,30.8,0.5,4.4,0.5,2.3,85.87,47.92,36,16,7,1.07
EQ5-T1,Rapa,F,0,26.8,0.5,4.2,0.6,2.4,81.94,43.48,56,20,12,1.04
EQ5-T2,Rapa,F,0,28,0.5,3.8,0.5,2.2,81.34,42.86,40,16,12,0.97
EQ5-T3,Rapa,F,0,24.4,0.5,3.6,0.5,1.9,84.39,46.15,48,16,8,1.08
EQ5-A1,Control,F,8,33.2,0.6,4,0.5,2.2,83.77,45.45,44,8,12,1.07
EQ5-A2,Control,F,8,,,,,,,,,,,
EQ5-A3,Control,F,8,29.9,0.5,3.7,0.7,1.8,88.39,51.22,52,0,16,0.94
EQ5-B1,Rapa,F,8,36.5,0.5,4.2,0.5,2.4,81.94,43.48,44,8,0,1.17
EQ5-B2,Rapa,F,8,28.6,0.4,4.1,0.5,2.3,82.85,44.44,44,12,8,1.18
EQ5-B3,Rapa,F,8,30.5,0.5,4,0.5,2.1,85.72,47.73,40,8,8,1.16
EQ5-C1,Pers,F,8,35,0.4,4,0.5,2.4,79.37,40.91,44,12,4,1.1
EQ5-C2,Pers,F,8,35.5,0.5,3.7,0.6,2,84.55,46.34,40,12,0,1.13
EQ5-C3,Pers,F,8,31.6,0.6,3.9,0.3,2.1,84.7,46.51,48,8,0,1.12
EQ5-D1,Control,F,8,31.5,0.6,3.6,0.7,1.8,86.51,48.72,48,12,8,1
EQ5-D2,Control,F,8,31.9,0.5,4,0.5,2.1,85.72,47.73,56,24,24,0.9
EQ5-D3,Control,F,8,27.4,0.3,3.8,0.5,1.9,87.5,50,40,12,12,1
EQ5-D4,Control,F,8,26.2,0.5,5.4,0.6,3,82.5,44.07,48,12,12,0.97
EQ5-E1,Rapa,F,8,,,,,,,,,,,
EQ5-E2,Rapa,F,8,27.7,0.5,3.3,0.5,1.8,82.85,44.44,48,8,0,1.14
EQ5-E3,Rapa,F,8,27.6,0.3,4.1,0.5,2.3,82.85,44.44,40,24,20,1.11
EQ5-E4,Rapa,F,8,,,,,,,,,,,
EQ5-F1,Control,F,8,27.8,0.5,3.8,0.7,1.8,89.2,52.38,44,8,12,0.84
EQ5-F2,Control,F,8,33.4,0.7,3.5,0.6,1.6,89.37,52.63,48,16,12,1.03
EQ5-F3,Control,F,8,33.6,0.5,4,0.5,2.2,83.77,45.45,44,12,4,0.97
EQ5-F4,Control,F,8,,,,,,,,,,,
EQ5-G1,Control,F,8,,,,,,,,,,,
EQ5-G2,Control,F,8,26,0.6,3.6,0.6,1.9,84.39,46.15,40,12,12,0.92
EQ5-G3,Control,F,8,32.9,0.5,4.4,0.5,2.3,85.87,47.92,48,8,4,1
EQ5-H1,Rapa,F,8,30,0.5,3.7,0.8,2,84.55,46.34,44,20,8,1.23
EQ5-H2,Rapa,F,8,25.6,0.5,3.8,0.4,1.8,89.2,52.38,56,12,8,1.03
EQ5-H3,Rapa,F,8,33.1,0.5,4.2,0.5,2.3,83.95,45.65,48,8,12,1.21
EQ5-I1,Pers,F,8,32.3,0.5,3.7,0.5,2.2,79.94,41.46,44,16,4,1.21
EQ5-I2,Pers,F,8,24.3,0.5,3,0.5,1.4,90.61,54.55,44,8,4,1.34
EQ5-I3,Pers,F,8,27.4,0.5,4,0.5,2.1,85.72,47.73,44,8,12,1.24
EQ5-J1,Rapa,F,8,27.4,0.5,3.9,0.6,2.1,84.7,46.51,48,8,0,1.225
EQ5-J2,Rapa,F,8,32.6,0.5,4.4,0.5,2.5,82.2,43.75,44,8,4,1.14
EQ5-J3,Rapa,F,8,27.1,0.5,4.3,0.5,2.5,81.04,42.55,44,16,8,1.21
EQ5-J4,Rapa,F,8,24.6,0.5,4,0.5,2.4,79.37,40.91,44,12,12,1.25
EQ5-K1,Control,F,8,,,,,,,,,,,
EQ5-K2,Control,F,8,31.6,0.5,4.6,0.5,2.8,76.17,38,48,20,12,1.17
EQ5-K3,Control,F,8,29.74,0.4,4.4,0.4,2.5,82.2,43.75,48,16,28,1.07
EQ5-K4,Control,F,8,28.6,0.5,3.6,0.6,2,82.05,43.59,40,8,12,1.03
EQ5-L1,Control,F,8,29.4,0.4,4.5,0.5,2.6,81.83,42.86,40,12,8,0.97
EQ5-L2,Control,F,8,32.6,0.4,4.1,0.5,2.3,82.85,44.44,40,8,0,0.97
EQ5-L3,Control,F,8,27.4,0.4,4.3,0.5,2.3,84.95,46.81,40,12,8,1.07
EQ5-M1,Rapa,F,8,37.4,0.5,3.7,0.4,1.9,85.53,47.5,44,8,8,1.22
EQ5-M2,Rapa,F,8,28,0.5,3.7,0.4,2.3,75.59,37.5,40,12,0,1.11
EQ5-N1,Pers,F,8,26.4,0.5,4.1,0.6,2.2,84.83,46.47,44,12,8,1.195
EQ5-N2,Pers,F,8,29.4,0.4,3.7,0.5,2.2,78.4,40,40,12,12,1.23
EQ5-N3,Pers,F,8,28.9,0.6,3.9,0.5,2.1,84.7,46.51,40,12,12,1.21
EQ5-N4,Pers,F,8,30.1,0.5,4.3,0.5,2.3,84.95,46.81,48,12,12,1.17
EQ5-O1,Rapa,F,8,26.5,0.5,4.5,0.5,2.6,79.27,40.82,40,12,4,1.29
EQ5-O2,Rapa,F,8,30.9,0.5,4,0.5,2.6,74.23,36.36,60,20,20,1.22
EQ5-O3,Rapa,F,8,29.2,0.6,3.7,0.5,1.9,85.53,47.5,44,4,0,1.15
EQ5-O4,Rapa,F,8,25,0.5,4.5,0.4,2.6,79.27,40.82,44,8,0,1.18
EQ5-P1,Rapa,F,8,31.6,0.5,4.9,0.5,3,77.18,38.89,52,12,12,1.18
EQ5-P2,Rapa,F,8,31.1,0.4,3.9,0.5,2.1,84.7,46.51,48,8,4,1.17
EQ5-P3,Rapa,F,8,,,,,,,,,,,
EQ5-Q1,Control,F,8,31,0.5,3.2,0.5,1.6,86.4,48.57,48,4,4,0.89
EQ5-Q2,Control,F,8,,,,,,,,,,,
EQ5-Q3,Control,F,8,26.9,0.5,4,0.6,2.3,81.66,43.18,48,8,4,1
EQ5-Q4,Control,F,8,36,0.5,3.8,0.5,2,85.63,47.62,44,8,0,1
EQ5-Q5,Control,F,8,,,,,,,,,,,
EQ5-R1,Pers,F,8,28.4,0.5,4.5,0.4,2.9,72.15,34.69,68,20,20,1.21
EQ5-R2,Pers,F,8,26.9,0.4,3.9,0.4,2.2,82.61,44.19,48,20,12,1.1
EQ5-R3,Pers,F,8,35.5,0.5,4.2,0.5,2.4,81.94,43.48,48,8,8,1.18
EQ5-R4,Pers,F,8,28.6,0.5,3.7,0.5,2.1,80.99,42.5,48,8,8,1.31
EQ5-R5,Pers,F,8,28.1,0.4,4,0.5,2.1,85.72,47.73,48,8,4,1.11
EQ5-S1,Pers,F,8,27.2,0.6,3.8,0.5,2.4,76.28,38.1,56,20,12,1.25
EQ5-S2,Pers,F,8,32.8,0.4,4.3,0.4,2.7,73.99,36.17,44,8,0,1.14
EQ5-S3,Pers,F,8,30.7,0.5,4.4,0.5,2.3,85.87,47.92,48,8,0,1.13
EQ5-T1,Rapa,F,8,26.8,0.3,4.7,0.5,2.8,77.54,39.22,56,12,0,1.23
EQ5-T2,Rapa,F,8,29.1,0.4,3.6,0.7,1.8,86.51,48.72,48,4,0,1.27
EQ5-T3,Rapa,F,8,24.7,0.4,3.7,0.5,2,83.36,45,48,8,0,1.26
EQ5-A1,Control,F,12,30.9,0.5,3.7,0.7,2.1,82.35,43.9,48,12,0,0.88
EQ5-A2,Control,F,12,,,,,,,,,,,
EQ5-A3,Control,F,12,27.8,0.5,3.7,0.8,2.1,82.35,43.9,44,12,16,1.04
EQ5-B1,Rapa,F,12,33.4,0.7,4.1,0.7,2.6,75.91,37.78,44,12,4,1.14
EQ5-B2,Rapa,F,12,27.4,,,,,,,,,,
EQ5-B3,Rapa,F,12,29.1,0.5,3.3,0.4,1.8,82.85,44.44,48,12,8,1.09
EQ5-C1,Pers,F,12,31.5,0.4,4.2,0.5,2.3,83.95,45.65,48,12,0,1.13
EQ5-C2,Pers,F,12,33.3,0.4,3.9,0.5,1.9,88.35,51.16,48,12,0,1.14
EQ5-C3,Pers,F,12,29.8,0.5,3.9,0.5,2.2,82.61,44.19,44,8,0,1.19
EQ5-D1,Control,F,12,,,,,,,,,,,
EQ5-D2,Control,F,12,,,,,,,,,,,
EQ5-D3,Control,F,12,,,,,,,,,,,
EQ5-D4,Control,F,12,,,,,,,,,,,
EQ5-E1,Rapa,F,12,,,,,,,,,,,
EQ5-E2,Rapa,F,12,,,,,,,,,,,
EQ5-E3,Rapa,F,12,,,,,,,,,,,
EQ5-E4,Rapa,F,12,,,,,,,,,,,
EQ5-F1,Control,F,12,,,,,,,,,,,
EQ5-F2,Control,F,12,,,,,,,,,,,
EQ5-F3,Control,F,12,,,,,,,,,,,
EQ5-F4,Control,F,12,,,,,,,,,,,
EQ5-G1,Control,F,12,,,,,,,,,,,
EQ5-G2,Control,F,12,25.6,0.4,3.8,0.4,2.1,83.58,45.24,48,16,0,0.86
EQ5-G3,Control,F,12,30.6,0.4,4,0.5,2.3,81.66,43.18,48,8,8,0.92
EQ5-H1,Rapa,F,12,31.8,0.5,4.1,0.4,2.5,78.4,40,44,8,0,1.09
EQ5-H2,Rapa,F,12,26.3,0.4,3.7,0.5,2.1,82.35,43.9,52,12,8,1.16
EQ5-H3,Rapa,F,12,34.7,0.5,3.9,0.5,2.1,84.7,46.51,48,8,4,1.31
EQ5-I1,Pers,F,12,31.6,0.3,4.2,0.5,2.4,81.94,43.48,56,12,8,1.14
EQ5-I2,Pers,F,12,24.1,0.4,3.5,0.5,1.8,85.42,47.37,40,8,8,1.21
EQ5-I3,Pers,F,12,27.2,0.4,3.8,0.4,2.2,81.34,42.86,52,8,0,1.15
EQ5-J1,Rapa,F,12,,,,,,,,,,,
EQ5-J2,Rapa,F,12,,,,,,,,,,,
EQ5-J3,Rapa,F,12,,,,,,,,,,,
EQ5-J4,Rapa,F,12,,,,,,,,,,,
EQ5-K1,Control,F,12,,,,,,,,,,,
EQ5-K2,Control,F,12,28.6,0.5,4.1,0.6,2.4,80.71,42.22,44,16,8,1.03
EQ5-K3,Control,F,12,30.1,0.4,3.9,0.4,2,83.31,48.84,52,8,8,0.97
EQ5-K4,Control,F,12,26,0.4,4.2,0.4,2.3,83.95,45.65,48,4,8,0.88
EQ5-L1,Control,F,12,31.1,0.5,4.5,0.5,2.6,79.27,40.82,44,12,0,1.03
EQ5-L2,Control,F,12,33.9,0.4,3.7,0.5,2,84.55,46.34,48,8,4,0.94
EQ5-L3,Control,F,12,28.2,0.4,4.4,0.4,2.3,85.87,47.92,44,12,0,1.07
EQ5-M1,Rapa,F,12,34.2,0.3,3.1,0.5,1.4,91.41,55.88,44,8,4,1.24
EQ5-M2,Rapa,F,12,27.1,0.4,3.9,0.5,2.1,84.7,46.51,48,4,12,1.19
EQ5-N1,Pers,F,12,27.4,0.4,4.1,0.5,2.2,84.83,46.67,52,8,0,1.13
EQ5-N2,Pers,F,12,29.7,0.5,4.3,0.5,2.6,76.51,38.3,60,12,12,1.13
EQ5-N3,Pers,F,12,30.8,,,,,,,,,,
EQ5-N4,Pers,F,12,32.1,0.5,4,0.5,2.5,76.89,38.64,52,8,0,1.21
EQ5-O1,Rapa,F,12,25.5,0.4,4.8,0.4,2.8,79.99,41.51,56,8,0,1.21
EQ5-O2,Rapa,F,12,33.4,0.4,3.9,0.4,2,86.61,48.84,52,8,12,1.22
EQ5-O3,Rapa,F,12,30.7,0.5,3.7,0.4,2.1,82.35,43.9,56,0,4,1.15
EQ5-O4,Rapa,F,12,26.9,0.5,4.3,0.4,2.7,73.99,36.17,52,12,8,1.29
EQ5-P1,Rapa,F,12,,,,,,,,,,,
EQ5-P2,Rapa,F,12,27.5,0.5,4.1,0.5,2.6,73.24,35.56,48,8,0,1.31
EQ5-P3,Rapa,F,12,,,,,,,,,,,
EQ5-Q1,Control,F,12,33.2,0.4,3.7,0.5,2,84.55,46.34,48,8,4,1.06
EQ5-Q2,Control,F,12,,,,,,,,,,,
EQ5-Q3,Control,F,12,28.2,0.5,4.1,0.5,2.3,82.85,44.44,52,4,8,1.03
EQ5-Q4,Control,F,12,35.5,0.4,4.4,0.5,2.2,87.5,50,56,4,12,1.04
EQ5-Q5,Control,F,12,,,,,,,,,,,
EQ5-R1,Pers,F,12,28.8,0.5,4,0.5,2.2,83.77,45.45,52,4,4,1.1
EQ5-R2,Pers,F,12,26.8,0.4,3.6,0.5,1.8,86.51,48.72,44,8,0,1.21
EQ5-R3,Pers,F,12,33.9,0.4,3.9,0.5,2.1,84.7,46.51,60,4,4,1.05
EQ5-R4,Pers,F,12,27.9,0.4,4,0.4,2.4,79.37,40.91,48,8,0,1.26
EQ5-R5,Pers,F,12,25.8,0.4,4.1,0.5,2.3,82.85,44.44,44,4,8,1.21
EQ5-S1,Pers,F,12,27.6,0.4,3.8,0.5,2.1,83.58,45.24,44,12,0,1.16
EQ5-S2,Pers,F,12,31.7,0.4,4.7,0.5,2.6,81.61,43.14,48,8,0,1.27
EQ5-S3,Pers,F,12,29.9,0.5,4.4,0.5,2.7,75.59,37.5,48,8,0,1.19
EQ5-T1,Rapa,F,12,27.1,0.4,4.5,0.4,2.6,79.27,40.82,48,12,0,1.19
EQ5-T2,Rapa,F,12,29.1,0.4,4.1,0.3,2.4,80.71,42.22,48,8,4,1.2
EQ5-T3,Rapa,F,12,,,,,,,,,,,
EQ5-A1,Control,F,16,31.3,0.5,3.9,0.5,2.3,80.35,41.86,56,4,0,1
EQ5-A2,Control,F,16,,,,,,,,,,,
EQ5-A3,Control,F,16,28.1,0.3,4.3,0.5,2.2,86.69,48.94,48,12,4,1.04
EQ5-B1,Rapa,F,16,33.2,0.5,3.9,0.5,2,86.61,48.84,40,12,0,1.15
EQ5-B2,Rapa,F,16,,,,,,,,,,,
EQ5-B3,Rapa,F,16,30.5,0.5,3.4,0.5,1.7,86.46,48.65,44,8,0,1.175
EQ5-C1,Pers,F,16,30.5,0.4,3.9,0.4,2,86.61,48.84,52,12,0,1.24
EQ5-C2,Pers,F,16,32.1,0.4,3.2,0.4,1.6,88.54,51.43,48,8,0,1.07
EQ5-C3,Pers,F,16,36.7,0.4,4.1,0.4,2.2,84.83,46.67,52,8,4,1.14
EQ5-D1,Control,F,16,,,,,,,,,,,
EQ5-D2,Control,F,16,,,,,,,,,,,
EQ5-D3,Control,F,16,,,,,,,,,,,
EQ5-D4,Control,F,16,,,,,,,,,,,
EQ5-E1,Rapa,F,16,,,,,,,,,,,
EQ5-E2,Rapa,F,16,,,,,,,,,,,
EQ5-E3,Rapa,F,16,,,,,,,,,,,
EQ5-E4,Rapa,F,16,,,,,,,,,,,
EQ5-F1,Control,F,16,,,,,,,,,,,
EQ5-F2,Control,F,16,,,,,,,,,,,
EQ5-F3,Control,F,16,,,,,,,,,,,
EQ5-F4,Control,F,16,,,,,,,,,,,
EQ5-G1,Control,F,16,,,,,,,,,,,
EQ5-G2,Control,F,16,26.7,0.3,3.3,0.5,1.7,85.3,47.22,52,16,4,0.87
EQ5-G3,Control,F,16,31.6,0.3,4.2,0.5,2.6,74.94,36.96,52,8,8,0.93
EQ5-H1,Rapa,F,16,27.9,0.3,4.2,0.4,2.4,81.94,43.48,52,16,0,1.19
EQ5-H2,Rapa,F,16,26,0.5,3.3,0.4,1.9,80.15,41.67,52,16,16,1.15
EQ5-H3,Rapa,F,16,32.5,0.3,4.1,0.5,2.3,82.85,44.44,52,8,0,1.27
EQ5-I1,Pers,F,16,31.3,0.4,1.3,0.4,2.5,81.04,42.55,52,16,16,1.17
EQ5-I2,Pers,F,16,24,0.3,3.6,0.5,1.8,86.51,48.72,52,4,16,1.13
EQ5-I3,Pers,F,16,27.3,0.4,3.7,0.5,2.1,82.35,43.9,52,12,4,1.17
EQ5-J1,Rapa,F,16,,,,,,,,,,,
EQ5-J2,Rapa,F,16,,,,,,,,,,,
EQ5-J3,Rapa,F,16,,,,,,,,,,,
EQ5-J4,Rapa,F,16,,,,,,,,,,,
EQ5-K1,Control,F,16,,,,,,,,,,,
EQ5-K2,Control,F,16,,,,,,,,,,,
EQ5-K3,Control,F,16,30.8,0.5,4,0.5,2.2,83.77,45.45,48,8,8,1.03
EQ5-K4,Control,F,16,27.1,0.5,4.1,0.4,2.6,75.91,37.78,44,12,4,1.07
EQ5-L1,Control,F,16,30.5,0.4,3.8,0.5,2.5,73.43,35.71,48,16,0,1.03
EQ5-L2,Control,F,16,32.2,0.3,4.1,0.5,2.3,82.85,44.44,44,8,0,1
EQ5-L3,Control,F,16,28.5,0.4,3.8,0.4,2.1,83.58,45.24,44,4,0,0.97
EQ5-M1,Rapa,F,16,36.7,0.4,3.7,0.5,2.1,80.99,42.5,48,8,4,1.175
EQ5-M2,Rapa,F,16,27.7,0.4,4,0.5,2.3,81.66,43.18,52,8,4,1.21
EQ5-N1,Pers,F,16,26,0.5,4.7,0.4,2,83.36,45,52,12,0,1.27
EQ5-N2,Pers,F,16,30.3,0.5,3.5,0.6,1.7,87.5,50,40,12,8,1.17
EQ5-N3,Pers,F,16,,,,,,,,,,,
EQ5-N4,Pers,F,16,30.4,0.5,3.7,0.5,1.8,87.5,50,44,8,4,1.14
EQ5-O1,Rapa,F,16,24.4,0.4,4.9,0.5,2.9,79.19,40.74,60,12,0,1.12
EQ5-O2,Rapa,F,16,30.9,0.4,3.9,0.5,2.2,82.61,44.19,48,8,0,1.19
EQ5-O3,Rapa,F,16,28.9,0.5,3.5,0.5,1.7,87.5,50,52,4,4,1.19
EQ5-O4,Rapa,F,16,25.1,0.4,4.3,0.5,2.4,83.07,44.68,52,16,8,1.2
EQ5-P1,Rapa,F,16,,,,,,,,,,,
EQ5-P2,Rapa,F,16,28.7,0.4,4.2,0.5,2.6,77.45,39.13,44,12,0,1.19
EQ5-P3,Rapa,F,16,,,,,,,,,,,
EQ5-Q1,Control,F,16,31.5,0.5,3.8,0.4,1.8,89.2,52.38,52,8,8,1.08
EQ5-Q2,Control,F,16,,,,,,,,,,,
EQ5-Q3,Control,F,16,,0.3,3.9,0.4,2.2,82.61,44.19,48,16,4,1.06
EQ5-Q4,Control,F,16,33.2,0.4,4.4,0.4,2.3,85.87,47.92,48,12,8,0.94
EQ5-Q5,Control,F,16,,,,,,,,,,,
EQ5-R1,Pers,F,16,,,,,,,,,,,
EQ5-R2,Pers,F,16,25.2,0.4,4.1,0.5,2.3,82.85,44.44,52,4,0,1.16
EQ5-R3,Pers,F,16,34.4,0.5,4.2,0.5,2.2,85.8,47.83,48,12,0,1.12
EQ5-R4,Pers,F,16,28.6,0.5,4.1,0.5,2.3,82.85,44.44,48,8,0,1.17
EQ5-R5,Pers,F,16,25.8,0.4,3.7,0.5,1.9,85.53,47.5,44,12,0,1.1
EQ5-S1,Pers,F,16,27.4,0.4,3.8,0.5,2.2,81.34,42.86,52,16,4,1.17
EQ5-S2,Pers,F,16,32.9,0.4,3.9,0.5,2.3,80.35,41.86,48,8,0,1.11
EQ5-S3,Pers,F,16,,0.5,4,0.5,2.3,81.66,43.18,44,8,0,1.16
EQ5-T1,Rapa,F,16,26.9,0.3,4.2,0.4,2.3,83.95,45.65,56,12,0,1.27
EQ5-T2,Rapa,F,16,28.2,0.5,3.3,0.5,1.8,82.85,44.44,48,8,0,1.15
EQ5-T3,Rapa,F,16,,,,,,,,,,,
EQ6-M1,Young,M,Young,27.2,0.5,3.5,0.7,1.9,87.5,50,12,44,20,1.17
EQ6-M2,Young,M,Young,30.9,0.7,3.9,0.8,2,86.61,48.84,0,40,16,1.15
EQ6-M3,Young,M,Young,31.1,1,3.6,0.9,1.6,90.17,53.85,4,48,8,1.21
EQ6-M4,Young,M,Young,30.1,0.6,4.1,0.7,2.3,82.85,44.44,,,,
EQ6-M5,Young,M,Young,29.9,0.8,4.1,0.5,2,88.31,51.11,8,48,12,1.14
EQ6-M6,Young,M,Young,28.5,0.5,3.7,0.7,1.5,94.06,60.98,0,48,12,1.24
EQ6-M7,Young,M,Young,29.3,0.8,4,0.8,2.3,81.66,43.18,16,44,16,
EQ6-M8,Young,M,Young,29.6,0.6,4.2,0.5,2.3,83.95,45.65,8,44,16,1.19
EQ6-M9,Young,M,Young,30.6,0.7,4.2,0.8,2.4,81.94,43.48,8,44,24,1.19
EQ6-M10,Young,M,Young,28.5,,,,,,,,,,1.17
EQ6-F1,Young,F,Young,22.1,,,,,,,,,,1.22
EQ6-F2,Young,F,Young,21.4,0.8,3.6,0.5,1.9,84.39,46.15,16,48,12,1.17
EQ6-F3,Young,F,Young,21.4,0.7,3.3,0.6,1.6,89.47,52.78,,,,1.23
EQ6-F4,Young,F,Young,22.3,0.9,3.7,0.5,2,84.55,46.34,12,52,8,1.23
EQ6-F5,Young,F,Young,23.5,0.7,3.7,0.5,1.9,86.56,48.78,12,48,16,1.3
EQ6-F6,Young,F,Young,20.8,0.5,3.7,0.6,1.6,90.89,55,,,,1.25
EQ6-F7,Young,F,Young,21.9,0.8,4.1,0.6,2,88.31,51.11,8,52,12,1.31
EQ6-F8,Young,F,Young,18.8,,,,,,,,,,1.14
EQ6-F9,Young,F,Young,21.1,,,,,,,16,52,8,1.16
EQ6-F10,Young,F,Young,16.8,0.7,3.5,0.5,2,80.59,42.11,12,48,12,1.2
