Date,Sex,Condition,Age,Mouse,Fiber,PS,PercLC
Aug 21 18,M,Control,Old,7-2-LF,KCS,0.702040816,4
Aug 21 18,M,Control,Old,7-2-LF,KDE,0.3202,4
Aug 21 18,M,Control,Old,7-2-LB,KDJ,0.232396694,4
Aug 21 18,M,Control,Old,7-2-LB,KDO,0.786122449,4
Aug 21 18,M,Control,Old,7-2-LB,KDT,0.330577778,4
Aug 21 18,M,Control,Old,7-5-LB,KET,0.474201183,4
Aug 21 18,M,Control,Old,7-5-LB,KEY,-0.054844444,4
Aug 21 18,M,Control,Old,7-2-NP,KDZ,0.268984375,4
Aug 21 18,M,Control,Old,7-2-NP,KEE,0.36375,4
Aug 21 18,M,Control,Old,7-2-NP,KEJ,1.178730159,4
Aug 21 18,M,Control,Old,7-5-RF,KEB,0.709,4
Aug 21 18,M,Control,Old,7-5-RF,KEG,-0.127734375,4
Aug 21 18,M,Control,Old,7-2-LF,KCS,1.86255102,8
Aug 21 18,M,Control,Old,7-2-LF,KDE,1.0422,8
Aug 21 18,M,Control,Old,7-2-LB,KDJ,0.967438017,8
Aug 21 18,M,Control,Old,7-2-LB,KDO,2.239183673,8
Aug 21 18,M,Control,Old,7-2-LB,KDT,0.892888889,8
Aug 21 18,M,Control,Old,7-5-LB,KET,2.100118343,8
Aug 21 18,M,Control,Old,7-5-LB,KEY,0.1632,8
Aug 21 18,M,Control,Old,7-2-NP,KDZ,0.920546875,8
Aug 21 18,M,Control,Old,7-2-NP,KEE,1.153984375,8
Aug 21 18,M,Control,Old,7-2-NP,KEJ,6.739455782,8
Aug 21 18,M,Control,Old,7-5-RF,KEB,1.80125,8
Aug 21 18,M,Control,Old,7-5-RF,KEG,0.8259375,8
Aug 21 18,M,Control,Old,7-2-LF,KCS,3.304591837,12
Aug 21 18,M,Control,Old,7-2-LF,KDE,2.3622,12
Aug 21 18,M,Control,Old,7-2-LB,KDJ,1.948595041,12
Aug 21 18,M,Control,Old,7-2-LB,KDO,4.344897959,12
Aug 21 18,M,Control,Old,7-2-LB,KDT,1.703022222,12
Aug 21 18,M,Control,Old,7-5-LB,KET,6.038934911,12
Aug 21 18,M,Control,Old,7-5-LB,KEY,0.367022222,12
Aug 21 18,M,Control,Old,7-2-NP,KDZ,1.639765625,12
Aug 21 18,M,Control,Old,7-2-NP,KEE,2.292734375,12
Aug 21 18,M,Control,Old,7-2-NP,KEJ,21.38816327,12
Aug 21 18,M,Control,Old,7-5-RF,KEB,3.37985,12
Aug 21 18,M,Control,Old,7-5-RF,KEG,4.90578125,12
Aug 21 18,M,Control,Old,7-2-LF,KCS,5.971122449,16
Aug 21 18,M,Control,Old,7-2-LF,KDE,6.2166,16
Aug 21 18,M,Control,Old,7-2-LB,KDJ,3.335702479,16
Aug 21 18,M,Control,Old,7-2-LB,KDO,7.013061224,16
Aug 21 18,M,Control,Old,7-2-LB,KDT,2.986577778,16
Aug 21 18,M,Control,Old,7-5-LB,KET,16.7443787,16
Aug 21 18,M,Control,Old,7-5-LB,KEY,0.699822222,16
Aug 21 18,M,Control,Old,7-2-NP,KDZ,3.036796875,16
Aug 21 18,M,Control,Old,7-2-NP,KEE,5.800234375,16
Aug 21 18,M,Control,Old,7-2-NP,KEJ,46.09210884,16
Aug 21 18,M,Control,Old,7-5-RF,KEB,5.5676,16
Aug 21 18,M,Control,Old,7-5-RF,KEG,15.82789063,16
Aug 21 18,M,Control,Old,7-2-LF,KCS,9.834591837,20
Aug 21 18,M,Control,Old,7-2-LF,KDE,17.3872,20
Aug 21 18,M,Control,Old,7-2-LB,KDJ,5.359834711,20
Aug 21 18,M,Control,Old,7-2-LB,KDO,12.48693878,20
Aug 21 18,M,Control,Old,7-2-LB,KDT,5.276177778,20
Aug 21 18,M,Control,Old,7-5-LB,KET,32.76272189,20
Aug 21 18,M,Control,Old,7-5-LB,KEY,1.033155556,20
Aug 21 18,M,Control,Old,7-2-NP,KDZ,9.51328125,20
Aug 21 18,M,Control,Old,7-2-NP,KEE,20.71460938,20
Aug 21 18,M,Control,Old,7-2-NP,KEJ,74.93142857,20
Aug 21 18,M,Control,Old,7-5-RF,KEB,8.5043,20
Aug 21 18,M,Control,Old,7-5-RF,KEG,29.69023438,20
Aug 21 18,M,Control,Old,7-2-LF,KCS,14.86540816,24
Aug 21 18,M,Control,Old,7-2-LF,KDE,31.6904,24
Aug 21 18,M,Control,Old,7-2-LB,KDJ,7.807107438,24
Aug 21 18,M,Control,Old,7-2-LB,KDO,19.6644898,24
Aug 21 18,M,Control,Old,7-2-LB,KDT,11.12675556,24
Aug 21 18,M,Control,Old,7-5-LB,KET,50.61668639,24
Aug 21 18,M,Control,Old,7-5-LB,KEY,1.644533333,24
Aug 21 18,M,Control,Old,7-2-NP,KDZ,20.53148438,24
Aug 21 18,M,Control,Old,7-2-NP,KEE,49.48015625,24
Aug 21 18,M,Control,Old,7-2-NP,KEJ,104.6878005,24
Aug 21 18,M,Control,Old,7-5-RF,KEB,12.8736,24
Aug 21 18,M,Control,Old,7-5-RF,KEG,30.0584375,24
Aug 21 18,M,Pers,Old,7-7-LF,KCT,0.8009,4
Aug 21 18,M,Pers,Old,7-7-LF,KCY,0.213671875,4
Aug 21 18,M,Pers,Old,7-7-LF,KDD,0.206666667,4
Aug 21 18,M,Pers,Old,7-7-NP,KCZ,-1.705555556,4
Aug 21 18,M,Pers,Old,7-7-NP,KDF,-0.208384,4
Aug 21 18,M,Pers,Old,7-3-LB,KDK,0.162959184,4
Aug 21 18,M,Pers,Old,7-3-LB,KDP,0.4254,4
Aug 21 18,M,Pers,Old,7-4-LF,KES,0.240775623,4
Aug 21 18,M,Pers,Old,7-4-LF,KEW,0.010488889,4
Aug 21 18,M,Pers,Old,7-3-LF,KEA,0.177959184,4
Aug 21 18,M,Pers,Old,7-3-LF,KEK,-0.11112426,4
Aug 21 18,M,Pers,Old,7-7-LF,KCT,2.90905,8
Aug 21 18,M,Pers,Old,7-7-LF,KCY,0.711171875,8
Aug 21 18,M,Pers,Old,7-7-LF,KDD,0.790123457,8
Aug 21 18,M,Pers,Old,7-7-NP,KCZ,0.321111111,8
Aug 21 18,M,Pers,Old,7-7-NP,KDF,0.94592,8
Aug 21 18,M,Pers,Old,7-3-LB,KDK,0.734693878,8
Aug 21 18,M,Pers,Old,7-3-LB,KDP,1.27135,8
Aug 21 18,M,Pers,Old,7-4-LF,KES,1.112853186,8
Aug 21 18,M,Pers,Old,7-4-LF,KEW,0.4352,8
Aug 21 18,M,Pers,Old,7-3-LF,KEA,0.423900227,8
Aug 21 18,M,Pers,Old,7-3-LF,KEK,0.525798817,8
Aug 21 18,M,Pers,Old,7-7-LF,KCT,8.2274,12
Aug 21 18,M,Pers,Old,7-7-LF,KCY,2.396171875,12
Aug 21 18,M,Pers,Old,7-7-LF,KDD,1.451851852,12
Aug 21 18,M,Pers,Old,7-7-NP,KCZ,2.563888889,12
Aug 21 18,M,Pers,Old,7-7-NP,KDF,3.567232,12
Aug 21 18,M,Pers,Old,7-3-LB,KDK,1.258673469,12
Aug 21 18,M,Pers,Old,7-3-LB,KDP,2.844,12
Aug 21 18,M,Pers,Old,7-4-LF,KES,2.844709141,12
Aug 21 18,M,Pers,Old,7-4-LF,KEW,1.089866667,12
Aug 21 18,M,Pers,Old,7-3-LF,KEA,0.727256236,12
Aug 21 18,M,Pers,Old,7-3-LF,KEK,1.264023669,12
Aug 21 18,M,Pers,Old,7-7-LF,KCT,19.31075,16
Aug 21 18,M,Pers,Old,7-7-LF,KCY,5.925,16
Aug 21 18,M,Pers,Old,7-7-LF,KDD,3.027901235,16
Aug 21 18,M,Pers,Old,7-7-NP,KCZ,6.111666667,16
Aug 21 18,M,Pers,Old,7-7-NP,KDF,10.536576,16
Aug 21 18,M,Pers,Old,7-3-LB,KDK,2.174387755,16
Aug 21 18,M,Pers,Old,7-3-LB,KDP,6.3625,16
Aug 21 18,M,Pers,Old,7-4-LF,KES,6.10066482,16
Aug 21 18,M,Pers,Old,7-4-LF,KEW,2.069688889,16
Aug 21 18,M,Pers,Old,7-3-LF,KEA,1.168163265,16
Aug 21 18,M,Pers,Old,7-3-LF,KEK,3.052662722,16
Aug 21 18,M,Pers,Old,7-7-LF,KCT,31.26375,20
Aug 21 18,M,Pers,Old,7-7-LF,KCY,16.20976563,20
Aug 21 18,M,Pers,Old,7-7-LF,KDD,6.495555556,20
Aug 21 18,M,Pers,Old,7-7-NP,KCZ,8.701111111,20
Aug 21 18,M,Pers,Old,7-7-NP,KDF,30.588416,20
Aug 21 18,M,Pers,Old,7-3-LB,KDK,3.429591837,20
Aug 21 18,M,Pers,Old,7-3-LB,KDP,13.2627,20
Aug 21 18,M,Pers,Old,7-4-LF,KES,8.904930748,20
Aug 21 18,M,Pers,Old,7-4-LF,KEW,3.392711111,20
Aug 21 18,M,Pers,Old,7-3-LF,KEA,2.19600907,20
Aug 21 18,M,Pers,Old,7-3-LF,KEK,7.842248521,20
Aug 21 18,M,Pers,Old,7-7-LF,KCT,40.4555,24
Aug 21 18,M,Pers,Old,7-7-LF,KCY,42.29679688,24
Aug 21 18,M,Pers,Old,7-7-LF,KDD,11.59271605,24
Aug 21 18,M,Pers,Old,7-7-NP,KCZ,12.53333333,24
Aug 21 18,M,Pers,Old,7-7-NP,KDF,52.688768,24
Aug 21 18,M,Pers,Old,7-3-LB,KDK,8.900306122,24
Aug 21 18,M,Pers,Old,7-3-LB,KDP,21.95595,24
Aug 21 18,M,Pers,Old,7-4-LF,KES,13.00631579,24
Aug 21 18,M,Pers,Old,7-4-LF,KEW,5.382222222,24
Aug 21 18,M,Pers,Old,7-3-LF,KEA,5.419047619,24
Aug 21 18,M,Pers,Old,7-3-LF,KEK,25.76544379,24
Aug 21 18,M,Rapa,Old,8-14-LB,KCV,0.050933333,4
Aug 21 18,M,Rapa,Old,8-14-LB,KDA,-0.09078125,4
Aug 21 18,M,Rapa,Old,8-14-LB,KDG,0.118844444,4
Aug 21 18,M,Rapa,Old,8-14-NP,KDL,0.253877551,4
Aug 21 18,M,Rapa,Old,8-14-NP,KDQ,-0.022222222,4
Aug 21 18,M,Rapa,Old,8-14-NP,KDV,0.5092,4
Aug 21 18,M,Rapa,Old,7-8-RF,KDM,0.275546875,4
Aug 21 18,M,Rapa,Old,7-8-RF,KDR,0.194844444,4
Aug 21 18,M,Rapa,Old,7-8-RF,KDW,0.032307692,4
Aug 21 18,M,Rapa,Old,8-9-LF,KEU,0.022,4
Aug 21 18,M,Rapa,Old,8-11-LF,KEC,0.220833333,4
Aug 21 18,M,Rapa,Old,8-11-LF,KEH,1.37800554,4
Aug 21 18,M,Rapa,Old,8-11-LF,KEM,0.117222222,4
Aug 21 18,M,Rapa,Old,8-14-LB,KCV,1.230488889,8
Aug 21 18,M,Rapa,Old,8-14-LB,KDA,0.29875,8
Aug 21 18,M,Rapa,Old,8-14-LB,KDG,0.406933333,8
Aug 21 18,M,Rapa,Old,8-14-NP,KDL,1.035510204,8
Aug 21 18,M,Rapa,Old,8-14-NP,KDQ,0.882716049,8
Aug 21 18,M,Rapa,Old,8-14-NP,KDV,1.40705,8
Aug 21 18,M,Rapa,Old,7-8-RF,KDM,1.05875,8
Aug 21 18,M,Rapa,Old,7-8-RF,KDR,0.858222222,8
Aug 21 18,M,Rapa,Old,7-8-RF,KDW,0.536923077,8
Aug 21 18,M,Rapa,Old,8-9-LF,KEU,0.2062,8
Aug 21 18,M,Rapa,Old,8-11-LF,KEC,0.621944444,8
Aug 21 18,M,Rapa,Old,8-11-LF,KEH,4.748310249,8
Aug 21 18,M,Rapa,Old,8-11-LF,KEM,0.702916667,8
Aug 21 18,M,Rapa,Old,8-14-LB,KCV,4.240533333,12
Aug 21 18,M,Rapa,Old,8-14-LB,KDA,0.9284375,12
Aug 21 18,M,Rapa,Old,8-14-LB,KDG,0.814222222,12
Aug 21 18,M,Rapa,Old,8-14-NP,KDL,2.532653061,12
Aug 21 18,M,Rapa,Old,8-14-NP,KDQ,1.584938272,12
Aug 21 18,M,Rapa,Old,8-14-NP,KDV,2.82375,12
Aug 21 18,M,Rapa,Old,7-8-RF,KDM,2.140234375,12
Aug 21 18,M,Rapa,Old,7-8-RF,KDR,1.845333333,12
Aug 21 18,M,Rapa,Old,7-8-RF,KDW,1.07147929,12
Aug 21 18,M,Rapa,Old,8-9-LF,KEU,0.7492,12
Aug 21 18,M,Rapa,Old,8-11-LF,KEC,1.448194444,12
Aug 21 18,M,Rapa,Old,8-11-LF,KEH,11.43540166,12
Aug 21 18,M,Rapa,Old,8-11-LF,KEM,1.585416667,12
Aug 21 18,M,Rapa,Old,8-14-LB,KCV,10.85475556,16
Aug 21 18,M,Rapa,Old,8-14-LB,KDA,2.808203125,16
Aug 21 18,M,Rapa,Old,8-14-LB,KDG,1.454222222,16
Aug 21 18,M,Rapa,Old,8-14-NP,KDL,4.915102041,16
Aug 21 18,M,Rapa,Old,8-14-NP,KDQ,2.644444444,16
Aug 21 18,M,Rapa,Old,8-14-NP,KDV,6.0125,16
Aug 21 18,M,Rapa,Old,7-8-RF,KDM,3.9475,16
Aug 21 18,M,Rapa,Old,7-8-RF,KDR,3.6784,16
Aug 21 18,M,Rapa,Old,7-8-RF,KDW,1.985680473,16
Aug 21 18,M,Rapa,Old,8-9-LF,KEU,1.266,16
Aug 21 18,M,Rapa,Old,8-11-LF,KEC,5.858888889,16
Aug 21 18,M,Rapa,Old,8-11-LF,KEH,21.4433241,16
Aug 21 18,M,Rapa,Old,8-11-LF,KEM,3.646388889,16
Aug 21 18,M,Rapa,Old,8-14-LB,KCV,21.07644444,20
Aug 21 18,M,Rapa,Old,8-14-LB,KDA,10.68007813,20
Aug 21 18,M,Rapa,Old,8-14-LB,KDG,3.077422222,20
Aug 21 18,M,Rapa,Old,8-14-NP,KDL,9.76244898,20
Aug 21 18,M,Rapa,Old,8-14-NP,KDQ,3.867901235,20
Aug 21 18,M,Rapa,Old,8-14-NP,KDV,13.6604,20
Aug 21 18,M,Rapa,Old,7-8-RF,KDM,7.81875,20
Aug 21 18,M,Rapa,Old,7-8-RF,KDR,6.776533333,20
Aug 21 18,M,Rapa,Old,7-8-RF,KDW,2.778579882,20
Aug 21 18,M,Rapa,Old,8-9-LF,KEU,3.0512,20
Aug 21 18,M,Rapa,Old,8-11-LF,KEC,30.59569444,20
Aug 21 18,M,Rapa,Old,8-11-LF,KEH,33.85307479,20
Aug 21 18,M,Rapa,Old,8-11-LF,KEM,6.17625,20
Aug 21 18,M,Rapa,Old,8-14-LB,KCV,32.83795556,24
Aug 21 18,M,Rapa,Old,8-14-LB,KDA,18.40429688,24
Aug 21 18,M,Rapa,Old,8-14-LB,KDG,6.379644444,24
Aug 21 18,M,Rapa,Old,8-14-NP,KDL,21.12163265,24
Aug 21 18,M,Rapa,Old,8-14-NP,KDQ,5.799506173,24
Aug 21 18,M,Rapa,Old,8-14-NP,KDV,28.4937,24
Aug 21 18,M,Rapa,Old,7-8-RF,KDM,15.18382813,24
Aug 21 18,M,Rapa,Old,7-8-RF,KDR,11.26115556,24
Aug 21 18,M,Rapa,Old,7-8-RF,KDW,5.602130178,24
Aug 21 18,M,Rapa,Old,8-9-LF,KEU,2.4454,24
Aug 21 18,M,Rapa,Old,8-11-LF,KEC,86.34347222,24
Aug 21 18,M,Rapa,Old,8-11-LF,KEH,45.36476454,24
Aug 21 18,M,Rapa,Old,8-11-LF,KEM,10.37597222,24
Aug 21 18,M,Young,Young,16-1,KDB,0.203431953,4
Aug 21 18,M,Young,Young,16-2,KDS,0.331728395,4
Aug 21 18,M,Young,Young,16-2,KDY,0.140761246,4
Aug 21 18,M,Young,Young,17-2,KEV,0.64288,4
Aug 21 18,M,Young,Young,17-2,KEZ,-0.3476,4
Aug 21 18,M,Young,Young,17-1,KEI,0.095086505,4
Aug 21 18,M,Young,Young,17-1,KEN,0.24085,4
Aug 21 18,M,Young,Young,16-1,KDB,0.740828402,8
Aug 21 18,M,Young,Young,16-2,KDS,0.937345679,8
Aug 21 18,M,Young,Young,16-2,KDY,0.672871972,8
Aug 21 18,M,Young,Young,17-2,KEV,1.930688,8
Aug 21 18,M,Young,Young,17-2,KEZ,0.4006,8
Aug 21 18,M,Young,Young,17-1,KEI,0.592733564,8
Aug 21 18,M,Young,Young,17-1,KEN,0.6901,8
Aug 21 18,M,Young,Young,16-1,KDB,1.355266272,12
Aug 21 18,M,Young,Young,16-2,KDS,1.772037037,12
Aug 21 18,M,Young,Young,16-2,KDY,1.995017301,12
Aug 21 18,M,Young,Young,17-2,KEV,4.634976,12
Aug 21 18,M,Young,Young,17-2,KEZ,1.2684,12
Aug 21 18,M,Young,Young,17-1,KEI,1.103806228,12
Aug 21 18,M,Young,Young,17-1,KEN,1.4164,12
Aug 21 18,M,Young,Young,16-1,KDB,2.097633136,16
Aug 21 18,M,Young,Young,16-2,KDS,2.907345679,16
Aug 21 18,M,Young,Young,16-2,KDY,4.934532872,16
Aug 21 18,M,Young,Young,17-2,KEV,9.225344,16
Aug 21 18,M,Young,Young,17-2,KEZ,2.092,16
Aug 21 18,M,Young,Young,17-1,KEI,1.796955017,16
Aug 21 18,M,Young,Young,17-1,KEN,2.42665,16
Aug 21 18,M,Young,Young,16-1,KDB,3.306390533,20
Aug 21 18,M,Young,Young,16-2,KDS,5.317530864,20
Aug 21 18,M,Young,Young,16-2,KDY,10.26546713,20
Aug 21 18,M,Young,Young,17-2,KEV,16.112608,20
Aug 21 18,M,Young,Young,17-2,KEZ,2.969,20
Aug 21 18,M,Young,Young,17-1,KEI,2.62449827,20
Aug 21 18,M,Young,Young,17-1,KEN,4.21175,20
Aug 21 18,M,Young,Young,16-1,KDB,6.888639053,24
Aug 21 18,M,Young,Young,16-2,KDS,7.393765432,24
Aug 21 18,M,Young,Young,16-2,KDY,16.94318339,24
Aug 21 18,M,Young,Young,17-2,KEV,22.930272,24
Aug 21 18,M,Young,Young,17-2,KEZ,3.8786,24
Aug 21 18,M,Young,Young,17-1,KEI,3.729550173,24
Aug 21 18,M,Young,Young,17-1,KEN,7.2628,24
May17_OCRY,F,Control,Old,M2,FJU,8.653457782,4
May17_OCRY,F,Control,Old,M2,FJY,16.23814522,4
May17_OCRY,F,Control,Old,old,FKA,2.037770701,4
May17_OCRY,F,Control,Old,old,FKB,10.44171409,4
May17_OCRY,F,Control,Old,1-1,FKL,1.418494275,4
May17_OCRY,F,Control,Old,1-4,FKM,10.39185134,4
May17_OCRY,F,Control,Old,1-1,FKT,2.175031847,4
May17_OCRY,F,Control,Old,1-4,FKU,15.90092003,4
May17_OCRY,F,Control,Old,1-1,FKV,3.542165605,4
May17_OCRY,F,Control,Old,4-1,FLB,1.099281896,4
May17_OCRY,F,Control,Old,4-2,FLC,10.85526635,4
May17_OCRY,F,Control,Old,4-2,FLD,8.482602516,4
May17_OCRY,F,Control,Old,4-2,FLE,0.26450081,4
May17_OCRY,F,Control,Old,B2,FPB,8.607201137,4
May17_OCRY,F,Control,Old,B3,FPC,6.79663567,4
May17_OCRY,F,Control,Old,B3,FPD,2.162119165,4
May17_OCRY,F,Control,Old,B2,FPH,3.243055817,4
May17_OCRY,F,Control,Old,B3,FPI,9.429504032,4
May17_OCRY,F,Control,Old,B2,FPJ,18.52414013,4
May17_OCRY,F,Control,Old,C1,FPN,40.05472989,4
May17_OCRY,F,Control,Old,C1,FPR,3.602626537,4
May17_OCRY,F,Control,Old,C1,FPS,3.19607601,4
May17_OCRY,F,Control,Old,C1,FPY,0.524791836,4
May17_OCRY,F,Control,Old,C1,FPZ,0.231068648,4
May17_OCRY,F,Control,Old,M2,FJU,36.39978082,8
May17_OCRY,F,Control,Old,M2,FJY,39.88235414,8
May17_OCRY,F,Control,Old,old,FKA,8.491783439,8
May17_OCRY,F,Control,Old,old,FKB,29.06998832,8
May17_OCRY,F,Control,Old,1-1,FKL,5.260546606,8
May17_OCRY,F,Control,Old,1-4,FKM,28.52250355,8
May17_OCRY,F,Control,Old,1-1,FKT,5.831974522,8
May17_OCRY,F,Control,Old,1-4,FKU,41.92592593,8
May17_OCRY,F,Control,Old,1-1,FKV,16.85286624,8
May17_OCRY,F,Control,Old,4-1,FLB,5.177408825,8
May17_OCRY,F,Control,Old,4-2,FLC,27.59385538,8
May17_OCRY,F,Control,Old,4-2,FLD,32.13896931,8
May17_OCRY,F,Control,Old,4-2,FLE,1.775374062,8
May17_OCRY,F,Control,Old,B2,FPB,32.17544876,8
May17_OCRY,F,Control,Old,B3,FPC,24.7440763,8
May17_OCRY,F,Control,Old,B3,FPD,7.075269195,8
May17_OCRY,F,Control,Old,B2,FPH,12.16854483,8
May17_OCRY,F,Control,Old,B3,FPI,23.25133652,8
May17_OCRY,F,Control,Old,B2,FPJ,46.93974522,8
May17_OCRY,F,Control,Old,C1,FPN,109.3543725,8
May17_OCRY,F,Control,Old,C1,FPR,15.00452146,8
May17_OCRY,F,Control,Old,C1,FPS,10.10618064,8
May17_OCRY,F,Control,Old,C1,FPY,2.573353254,8
May17_OCRY,F,Control,Old,C1,FPZ,0.673566879,8
May17_OCRY,F,Control,Old,M2,FJU,92.45146627,12
May17_OCRY,F,Control,Old,M2,FJY,65.83007389,12
May17_OCRY,F,Control,Old,old,FKA,21.62878981,12
May17_OCRY,F,Control,Old,old,FKB,56.41661327,12
May17_OCRY,F,Control,Old,1-1,FKL,10.84806888,12
May17_OCRY,F,Control,Old,1-4,FKM,53.1150708,12
May17_OCRY,F,Control,Old,1-1,FKT,10.6988535,12
May17_OCRY,F,Control,Old,1-4,FKU,78.34929622,12
May17_OCRY,F,Control,Old,1-1,FKV,41.0988535,12
May17_OCRY,F,Control,Old,4-1,FLB,16.25491822,12
May17_OCRY,F,Control,Old,4-2,FLC,49.33876975,12
May17_OCRY,F,Control,Old,4-2,FLD,71.44875507,12
May17_OCRY,F,Control,Old,4-2,FLE,12.70644104,12
May17_OCRY,F,Control,Old,B2,FPB,77.1830289,12
May17_OCRY,F,Control,Old,B3,FPC,55.05379879,12
May17_OCRY,F,Control,Old,B3,FPD,16.82398975,12
May17_OCRY,F,Control,Old,B2,FPH,32.42663853,12
May17_OCRY,F,Control,Old,B3,FPI,42.16377014,12
May17_OCRY,F,Control,Old,B2,FPJ,85.1233121,12
May17_OCRY,F,Control,Old,C1,FPN,195.5393393,12
May17_OCRY,F,Control,Old,C1,FPR,37.4250248,12
May17_OCRY,F,Control,Old,C1,FPS,26.76860102,12
May17_OCRY,F,Control,Old,C1,FPY,10.35030973,12
May17_OCRY,F,Control,Old,C1,FPZ,1.491153574,12
May17_OCRY,F,Control,Old,M2,FJU,165.969496,16
May17_OCRY,F,Control,Old,M2,FJY,89.96875414,16
May17_OCRY,F,Control,Old,old,FKA,44.9844586,16
May17_OCRY,F,Control,Old,old,FKB,90.71416726,16
May17_OCRY,F,Control,Old,1-1,FKL,17.54581223,16
May17_OCRY,F,Control,Old,1-4,FKM,72.15791967,16
May17_OCRY,F,Control,Old,1-1,FKT,16.25617834,16
May17_OCRY,F,Control,Old,1-4,FKU,114.2805693,16
May17_OCRY,F,Control,Old,1-1,FKV,76.5122293,16
May17_OCRY,F,Control,Old,4-1,FLB,38.38227147,16
May17_OCRY,F,Control,Old,4-2,FLC,75.96976175,16
May17_OCRY,F,Control,Old,4-2,FLD,123.8641891,16
May17_OCRY,F,Control,Old,4-2,FLE,47.50212942,16
May17_OCRY,F,Control,Old,B2,FPB,142.6575249,16
May17_OCRY,F,Control,Old,B3,FPC,96.40382563,16
May17_OCRY,F,Control,Old,B3,FPD,34.10793517,16
May17_OCRY,F,Control,Old,B2,FPH,71.9547733,16
May17_OCRY,F,Control,Old,B3,FPI,66.49011063,16
May17_OCRY,F,Control,Old,B2,FPJ,137.9809554,16
May17_OCRY,F,Control,Old,C1,FPN,290.0910592,16
May17_OCRY,F,Control,Old,C1,FPR,72.79971523,16
May17_OCRY,F,Control,Old,C1,FPS,51.97353424,16
May17_OCRY,F,Control,Old,C1,FPY,28.32352145,16
May17_OCRY,F,Control,Old,C1,FPZ,7.099964614,16
May17_OCRY,F,Control,Old,M2,FJU,223.9442095,20
May17_OCRY,F,Control,Old,M2,FJY,115.034293,20
May17_OCRY,F,Control,Old,old,FKA,76.01254777,20
May17_OCRY,F,Control,Old,old,FKB,123.626126,20
May17_OCRY,F,Control,Old,1-1,FKL,,20
May17_OCRY,F,Control,Old,1-4,FKM,97.68326578,20
May17_OCRY,F,Control,Old,1-1,FKT,21.81286624,20
May17_OCRY,F,Control,Old,1-4,FKU,139.9234096,20
May17_OCRY,F,Control,Old,1-1,FKV,117.7759236,20
May17_OCRY,F,Control,Old,4-1,FLB,67.50731337,20
May17_OCRY,F,Control,Old,4-2,FLC,99.47924977,20
May17_OCRY,F,Control,Old,4-2,FLD,176.8792967,20
May17_OCRY,F,Control,Old,4-2,FLE,103.3116496,20
May17_OCRY,F,Control,Old,B2,FPB,224.8411855,20
May17_OCRY,F,Control,Old,B3,FPC,146.980441,20
May17_OCRY,F,Control,Old,B3,FPD,50.13367023,20
May17_OCRY,F,Control,Old,B2,FPH,119.0862699,20
May17_OCRY,F,Control,Old,B3,FPI,94.63097906,20
May17_OCRY,F,Control,Old,B2,FPJ,202.3112739,20
May17_OCRY,F,Control,Old,C1,FPN,379.6308354,20
May17_OCRY,F,Control,Old,C1,FPR,120.4194582,20
May17_OCRY,F,Control,Old,C1,FPS,79.35360023,20
May17_OCRY,F,Control,Old,C1,FPY,57.67957153,20
May17_OCRY,F,Control,Old,C1,FPZ,24.35810333,20
May17_OCRY,F,Control,Old,M2,FJU,276.397265,24
May17_OCRY,F,Control,Old,M2,FJY,139.3661146,24
May17_OCRY,F,Control,Old,old,FKA,96.50394904,24
May17_OCRY,F,Control,Old,old,FKB,145.6533374,24
May17_OCRY,F,Control,Old,1-1,FKL,,24
May17_OCRY,F,Control,Old,1-4,FKM,111.6483129,24
May17_OCRY,F,Control,Old,1-1,FKT,27.46764331,24
May17_OCRY,F,Control,Old,1-4,FKU,177.5126209,24
May17_OCRY,F,Control,Old,1-1,FKV,151.3267516,24
May17_OCRY,F,Control,Old,4-1,FLB,88.27510278,24
May17_OCRY,F,Control,Old,4-2,FLC,,24
May17_OCRY,F,Control,Old,4-2,FLD,224.3149971,24
May17_OCRY,F,Control,Old,4-2,FLE,162.5820676,24
May17_OCRY,F,Control,Old,B2,FPB,308.2350898,24
May17_OCRY,F,Control,Old,B3,FPC,202.6840937,24
May17_OCRY,F,Control,Old,B3,FPD,64.23666895,24
May17_OCRY,F,Control,Old,B2,FPH,156.0140203,24
May17_OCRY,F,Control,Old,B3,FPI,123.8591316,24
May17_OCRY,F,Control,Old,B2,FPJ,267.3887898,24
May17_OCRY,F,Control,Old,C1,FPN,455.2407014,24
May17_OCRY,F,Control,Old,C1,FPR,170.8661663,24
May17_OCRY,F,Control,Old,C1,FPS,109.1663991,24
May17_OCRY,F,Control,Old,C1,FPY,94.71667846,24
May17_OCRY,F,Control,Old,C1,FPZ,57.50194621,24
May17_OCRY,F,Rapa,Old,L2,FJV,4.586035423,4
May17_OCRY,F,Rapa,Old,L2,FJW,8.506606306,4
May17_OCRY,F,Rapa,Old,L3,FJX,3.39388535,4
May17_OCRY,F,Rapa,Old,L2,FJZ,6.196773829,4
May17_OCRY,F,Rapa,Old,,FKN,,4
May17_OCRY,F,Rapa,Old,2-2,FKO,0.393653706,4
May17_OCRY,F,Rapa,Old,2-2,FKP,1.263771327,4
May17_OCRY,F,Rapa,Old,2-1,FKQ,,4
May17_OCRY,F,Rapa,Old,2-4,FKR,2.365054837,4
May17_OCRY,F,Rapa,Old,2-2,FKS,2.421248754,4
May17_OCRY,F,Rapa,Old,2-4,FKW,2.084296611,4
May17_OCRY,F,Rapa,Old,3-1,FKX,4.202406228,4
May17_OCRY,F,Rapa,Old,3-3,FKY,13.2408275,4
May17_OCRY,F,Rapa,Old,3-2,FKZ,22.02752863,4
May17_OCRY,F,Rapa,Old,3-2,FLA,5.110280571,4
May17_OCRY,F,Rapa,Old,3-3,FLF,4.336863528,4
May17_OCRY,F,Rapa,Old,E1,FPK,0.410728848,4
May17_OCRY,F,Rapa,Old,F4,FPL,1.247492565,4
May17_OCRY,F,Rapa,Old,F3,FPM,0.411282985,4
May17_OCRY,F,Rapa,Old,F4,FPP,0.753065557,4
May17_OCRY,F,Rapa,Old,F3,FPQ,11.68772116,4
May17_OCRY,F,Rapa,Old,F5,FPT,0.380808804,4
May17_OCRY,F,Rapa,Old,F5,FPU,0.512937898,4
May17_OCRY,F,Rapa,Old,E1,FPV,4.453854153,4
May17_OCRY,F,Rapa,Old,F5,FPW,1.174267516,4
May17_OCRY,F,Rapa,Old,F3,FPX,1.098626937,4
May17_OCRY,F,Rapa,Old,L2,FJV,11.78803896,8
May17_OCRY,F,Rapa,Old,L2,FJW,24.41085435,8
May17_OCRY,F,Rapa,Old,L3,FJX,12.86242038,8
May17_OCRY,F,Rapa,Old,L2,FJZ,16.23024159,8
May17_OCRY,F,Rapa,Old,,FKN,,8
May17_OCRY,F,Rapa,Old,2-2,FKO,0.903490148,8
May17_OCRY,F,Rapa,Old,2-2,FKP,3.117623686,8
May17_OCRY,F,Rapa,Old,2-1,FKQ,0.413305025,8
May17_OCRY,F,Rapa,Old,2-4,FKR,6.336863528,8
May17_OCRY,F,Rapa,Old,2-2,FKS,7.075523203,8
May17_OCRY,F,Rapa,Old,2-4,FKW,6.947865063,8
May17_OCRY,F,Rapa,Old,3-1,FKX,11.10680821,8
May17_OCRY,F,Rapa,Old,3-3,FKY,39.41338106,8
May17_OCRY,F,Rapa,Old,3-2,FKZ,55.6087641,8
May17_OCRY,F,Rapa,Old,3-2,FLA,14.10138443,8
May17_OCRY,F,Rapa,Old,3-3,FLF,10.92767497,8
May17_OCRY,F,Rapa,Old,E1,FPK,0.92971591,8
May17_OCRY,F,Rapa,Old,F4,FPL,8.014352281,8
May17_OCRY,F,Rapa,Old,F3,FPM,1.385675289,8
May17_OCRY,F,Rapa,Old,F4,FPP,3.398240825,8
May17_OCRY,F,Rapa,Old,F3,FPQ,32.28715499,8
May17_OCRY,F,Rapa,Old,F5,FPT,3.905928466,8
May17_OCRY,F,Rapa,Old,F5,FPU,1.855195064,8
May17_OCRY,F,Rapa,Old,E1,FPV,14.33205512,8
May17_OCRY,F,Rapa,Old,F5,FPW,5.812547771,8
May17_OCRY,F,Rapa,Old,F3,FPX,3.116919754,8
May17_OCRY,F,Rapa,Old,L2,FJV,20.95418588,12
May17_OCRY,F,Rapa,Old,L2,FJW,49.42185608,12
May17_OCRY,F,Rapa,Old,L3,FJX,30.20178344,12
May17_OCRY,F,Rapa,Old,L2,FJZ,29.12795387,12
May17_OCRY,F,Rapa,Old,,FKN,,12
May17_OCRY,F,Rapa,Old,2-2,FKO,2.165691354,12
May17_OCRY,F,Rapa,Old,2-2,FKP,6.4044887,12
May17_OCRY,F,Rapa,Old,2-1,FKQ,2.134465676,12
May17_OCRY,F,Rapa,Old,2-4,FKR,11.89130517,12
May17_OCRY,F,Rapa,Old,2-2,FKS,14.15185522,12
May17_OCRY,F,Rapa,Old,2-4,FKW,17.53621137,12
May17_OCRY,F,Rapa,Old,3-1,FKX,20.7018259,12
May17_OCRY,F,Rapa,Old,3-3,FKY,81.90556404,12
May17_OCRY,F,Rapa,Old,3-2,FKZ,89.19947427,12
May17_OCRY,F,Rapa,Old,3-2,FLA,26.77759646,12
May17_OCRY,F,Rapa,Old,3-3,FLF,19.23114612,12
May17_OCRY,F,Rapa,Old,E1,FPK,2.183941992,12
May17_OCRY,F,Rapa,Old,F4,FPL,27.14989224,12
May17_OCRY,F,Rapa,Old,F3,FPM,4.789288964,12
May17_OCRY,F,Rapa,Old,F4,FPP,9.250025276,12
May17_OCRY,F,Rapa,Old,F3,FPQ,69.70010616,12
May17_OCRY,F,Rapa,Old,F5,FPT,28.7548336,12
May17_OCRY,F,Rapa,Old,F5,FPU,4.258857484,12
May17_OCRY,F,Rapa,Old,E1,FPV,29.488886,12
May17_OCRY,F,Rapa,Old,F5,FPW,17.30089172,12
May17_OCRY,F,Rapa,Old,F3,FPX,8.808057655,12
May17_OCRY,F,Rapa,Old,L2,FJV,31.97567818,16
May17_OCRY,F,Rapa,Old,L2,FJW,84.0567458,16
May17_OCRY,F,Rapa,Old,L3,FJX,59.31464968,16
May17_OCRY,F,Rapa,Old,L2,FJZ,44.72170505,16
May17_OCRY,F,Rapa,Old,,FKN,,16
May17_OCRY,F,Rapa,Old,2-2,FKO,4.857655369,16
May17_OCRY,F,Rapa,Old,2-2,FKP,10.92940652,16
May17_OCRY,F,Rapa,Old,2-1,FKQ,6.213842887,16
May17_OCRY,F,Rapa,Old,2-4,FKR,19.11325519,16
May17_OCRY,F,Rapa,Old,2-2,FKS,23.118506,16
May17_OCRY,F,Rapa,Old,2-4,FKW,34.16796414,16
May17_OCRY,F,Rapa,Old,3-1,FKX,33.00687898,16
May17_OCRY,F,Rapa,Old,3-3,FKY,139.457388,16
May17_OCRY,F,Rapa,Old,3-2,FKZ,94.71663995,16
May17_OCRY,F,Rapa,Old,3-2,FLA,43.17355372,16
May17_OCRY,F,Rapa,Old,3-3,FLF,29.55451702,16
May17_OCRY,F,Rapa,Old,E1,FPK,8.185572918,16
May17_OCRY,F,Rapa,Old,F4,FPL,66.25923206,16
May17_OCRY,F,Rapa,Old,F3,FPM,21.34043936,16
May17_OCRY,F,Rapa,Old,F4,FPP,20.55039935,16
May17_OCRY,F,Rapa,Old,F3,FPQ,126.2765393,16
May17_OCRY,F,Rapa,Old,F5,FPT,95.29838315,16
May17_OCRY,F,Rapa,Old,F5,FPU,18.24343153,16
May17_OCRY,F,Rapa,Old,E1,FPV,48.45167685,16
May17_OCRY,F,Rapa,Old,F5,FPW,36.42452229,16
May17_OCRY,F,Rapa,Old,F3,FPX,22.62905252,16
May17_OCRY,F,Rapa,Old,L2,FJV,44.55699373,20
May17_OCRY,F,Rapa,Old,L2,FJW,127.2658314,20
May17_OCRY,F,Rapa,Old,L3,FJX,97.43573248,20
May17_OCRY,F,Rapa,Old,L2,FJZ,60.2798402,20
May17_OCRY,F,Rapa,Old,,FKN,,20
May17_OCRY,F,Rapa,Old,2-2,FKO,9.639528478,20
May17_OCRY,F,Rapa,Old,2-2,FKP,15.78144077,20
May17_OCRY,F,Rapa,Old,2-1,FKQ,16.56617127,20
May17_OCRY,F,Rapa,Old,2-4,FKR,27.24132213,20
May17_OCRY,F,Rapa,Old,2-2,FKS,34.10003322,20
May17_OCRY,F,Rapa,Old,2-4,FKW,54.37886294,20
May17_OCRY,F,Rapa,Old,3-1,FKX,46.37797594,20
May17_OCRY,F,Rapa,Old,3-3,FKY,200.8788756,20
May17_OCRY,F,Rapa,Old,3-2,FKZ,107.3533515,20
May17_OCRY,F,Rapa,Old,3-2,FLA,59.09543612,20
May17_OCRY,F,Rapa,Old,3-3,FLF,41.18305506,20
May17_OCRY,F,Rapa,Old,E1,FPK,27.34251647,20
May17_OCRY,F,Rapa,Old,F4,FPL,117.5664214,20
May17_OCRY,F,Rapa,Old,F3,FPM,63.83621474,20
May17_OCRY,F,Rapa,Old,F4,FPP,38.21430738,20
May17_OCRY,F,Rapa,Old,F3,FPQ,198.2898089,20
May17_OCRY,F,Rapa,Old,F5,FPT,191.3111974,20
May17_OCRY,F,Rapa,Old,F5,FPU,68.60539411,20
May17_OCRY,F,Rapa,Old,E1,FPV,69.86159496,20
May17_OCRY,F,Rapa,Old,F5,FPW,60.63394904,20
May17_OCRY,F,Rapa,Old,F3,FPX,35.03722478,20
May17_OCRY,F,Rapa,Old,L2,FJV,56.37956486,24
May17_OCRY,F,Rapa,Old,L2,FJW,171.0153182,24
May17_OCRY,F,Rapa,Old,L3,FJX,138.4427389,24
May17_OCRY,F,Rapa,Old,L2,FJZ,,24
May17_OCRY,F,Rapa,Old,,FKN,,24
May17_OCRY,F,Rapa,Old,2-2,FKO,14.47027111,24
May17_OCRY,F,Rapa,Old,2-2,FKP,21.10160982,24
May17_OCRY,F,Rapa,Old,2-1,FKQ,35.17576787,24
May17_OCRY,F,Rapa,Old,2-4,FKR,35.45976708,24
May17_OCRY,F,Rapa,Old,2-2,FKS,41.29410575,24
May17_OCRY,F,Rapa,Old,2-4,FKW,74.60721868,24
May17_OCRY,F,Rapa,Old,3-1,FKX,,24
May17_OCRY,F,Rapa,Old,3-3,FKY,244.4230142,24
May17_OCRY,F,Rapa,Old,3-2,FKZ,129.7806664,24
May17_OCRY,F,Rapa,Old,3-2,FLA,72.1613939,24
May17_OCRY,F,Rapa,Old,3-3,FLF,54.76342668,24
May17_OCRY,F,Rapa,Old,E1,FPK,61.70709453,24
May17_OCRY,F,Rapa,Old,F4,FPL,173.3717987,24
May17_OCRY,F,Rapa,Old,F3,FPM,127.1914728,24
May17_OCRY,F,Rapa,Old,F4,FPP,57.8451406,24
May17_OCRY,F,Rapa,Old,F3,FPQ,278.7940552,24
May17_OCRY,F,Rapa,Old,F5,FPT,321.6632872,24
May17_OCRY,F,Rapa,Old,F5,FPU,153.6655056,24
May17_OCRY,F,Rapa,Old,E1,FPV,87.69433251,24
May17_OCRY,F,Rapa,Old,F5,FPW,91.1366242,24
May17_OCRY,F,Rapa,Old,F3,FPX,54.62984594,24
May17_OCRY,F,Young,Young,M5,FOX,0.844546178,4
May17_OCRY,F,Young,Young,M4,FOY,2.115101949,4
May17_OCRY,F,Young,Young,,FOZ,,4
May17_OCRY,F,Young,Young,M4,FPA,3.554308694,4
May17_OCRY,F,Young,Young,M4,FPE,1.092993631,4
May17_OCRY,F,Young,Young,M4,FPF,1.071872297,4
May17_OCRY,F,Young,Young,M5,FPG,0.813248408,4
May17_OCRY,F,Young,Young,M5,FOX,4.537818471,8
May17_OCRY,F,Young,Young,M4,FOY,10.22485207,8
May17_OCRY,F,Young,Young,,FOZ,,8
May17_OCRY,F,Young,Young,M4,FPA,11.16410003,8
May17_OCRY,F,Young,Young,M4,FPE,3.230764331,8
May17_OCRY,F,Young,Young,M4,FPF,3.079421247,8
May17_OCRY,F,Young,Young,M5,FPG,4.406397735,8
May17_OCRY,F,Young,Young,M5,FOX,14.61305732,12
May17_OCRY,F,Young,Young,M4,FOY,29.49594844,12
May17_OCRY,F,Young,Young,,FOZ,,12
May17_OCRY,F,Young,Young,M4,FPA,24.01781995,12
May17_OCRY,F,Young,Young,M4,FPE,6.515605096,12
May17_OCRY,F,Young,Young,M4,FPF,7.608005033,12
May17_OCRY,F,Young,Young,M5,FPG,12.78086341,12
May17_OCRY,F,Young,Young,M5,FOX,30.12559713,16
May17_OCRY,F,Young,Young,M4,FOY,52.32668752,16
May17_OCRY,F,Young,Young,,FOZ,,16
May17_OCRY,F,Young,Young,M4,FPA,44.87206964,16
May17_OCRY,F,Young,Young,M4,FPE,11.47159236,16
May17_OCRY,F,Young,Young,M4,FPF,16.58795313,16
May17_OCRY,F,Young,Young,M5,FPG,29.01310686,16
May17_OCRY,F,Young,Young,M5,FOX,51.53702229,20
May17_OCRY,F,Young,Young,M4,FOY,68.9782535,20
May17_OCRY,F,Young,Young,,FOZ,,20
May17_OCRY,F,Young,Young,M4,FPA,71.62833371,20
May17_OCRY,F,Young,Young,M4,FPE,18.33942675,20
May17_OCRY,F,Young,Young,M4,FPF,34.01910828,20
May17_OCRY,F,Young,Young,M5,FPG,48.30063694,20
May17_OCRY,F,Young,Young,M5,FOX,74.78742038,24
May17_OCRY,F,Young,Young,M4,FOY,82.53993141,24
May17_OCRY,F,Young,Young,,FOZ,,24
May17_OCRY,F,Young,Young,M4,FPA,102.5965588,24
May17_OCRY,F,Young,Young,M4,FPE,25.4110828,24
May17_OCRY,F,Young,Young,M4,FPF,61.28198474,24
May17_OCRY,F,Young,Young,M5,FPG,61.73044586,24
May17_OP,F,Control,Old,QM1,FQM,3.138280255,4
May17_OP,F,Control,Old,QM1,FQU,1.021375276,4
May17_OP,F,Control,Old,QM3,FQV,0.867814736,4
May17_OP,F,Control,Old,QM2,FRA,1.561280938,4
May17_OP,F,Control,Old,QM1,FQM,8.658726115,8
May17_OP,F,Control,Old,QM1,FQU,3.517649812,8
May17_OP,F,Control,Old,QM3,FQV,3.13548793,8
May17_OP,F,Control,Old,QM2,FRA,5.557578295,8
May17_OP,F,Control,Old,QM1,FQM,16.74305732,12
May17_OP,F,Control,Old,QM1,FQU,8.036063954,12
May17_OP,F,Control,Old,QM3,FQV,9.210426987,12
May17_OP,F,Control,Old,QM2,FRA,11.73358605,12
May17_OP,F,Control,Old,QM1,FQM,28.08452229,16
May17_OP,F,Control,Old,QM1,FQU,15.18899779,16
May17_OP,F,Control,Old,QM3,FQV,25.33726508,16
May17_OP,F,Control,Old,QM2,FRA,19.12846847,16
May17_OP,F,Control,Old,QM1,FQM,40.00146497,20
May17_OP,F,Control,Old,QM1,FQU,26.11177954,20
May17_OP,F,Control,Old,QM3,FQV,49.0031454,20
May17_OP,F,Control,Old,QM2,FRA,26.43395852,20
May17_OP,F,Control,Old,QM1,FQM,48.65318471,24
May17_OP,F,Control,Old,QM1,FQU,41.55605356,24
May17_OP,F,Control,Old,QM3,FQV,77.23598333,24
May17_OP,F,Control,Old,QM2,FRA,32.44043815,24
May17_OP,F,Pers,Old,QMM1,FQO,4.776186143,4
May17_OP,F,Pers,Old,QMM2,FQP,0.784713376,4
May17_OP,F,Pers,Old,QMM3,FQR,0.907323739,4
May17_OP,F,Pers,Old,QMM3,FQS,0.065601001,4
May17_OP,F,Pers,Old,QMM1,FQT,0.703307006,4
May17_OP,F,Pers,Old,QMM3,FQW,0.324882638,4
May17_OP,F,Pers,Old,QMM1,FQX,2.152158528,4
May17_OP,F,Pers,Old,QMM2,FQY,0.643008796,4
May17_OP,F,Pers,Old,QMM2,FQZ,2.844208917,4
May17_OP,F,Pers,Old,QMM1,FQO,12.85459509,8
May17_OP,F,Pers,Old,QMM2,FQP,2.308606369,8
May17_OP,F,Pers,Old,QMM3,FQR,2.542481211,8
May17_OP,F,Pers,Old,QMM3,FQS,0.625783018,8
May17_OP,F,Pers,Old,QMM1,FQT,2.711887898,8
May17_OP,F,Pers,Old,QMM3,FQW,0.957116869,8
May17_OP,F,Pers,Old,QMM1,FQX,8.991350161,8
May17_OP,F,Pers,Old,QMM2,FQY,1.697936075,8
May17_OP,F,Pers,Old,QMM2,FQZ,8.527857325,8
May17_OP,F,Pers,Old,QMM1,FQO,24.9522631,12
May17_OP,F,Pers,Old,QMM2,FQP,4.543877707,12
May17_OP,F,Pers,Old,QMM3,FQR,4.245873096,12
May17_OP,F,Pers,Old,QMM3,FQS,1.530253315,12
May17_OP,F,Pers,Old,QMM1,FQT,9.236504459,12
May17_OP,F,Pers,Old,QMM3,FQW,1.938892585,12
May17_OP,F,Pers,Old,QMM1,FQX,21.16458284,12
May17_OP,F,Pers,Old,QMM2,FQY,3.636437165,12
May17_OP,F,Pers,Old,QMM2,FQZ,15.55240764,12
May17_OP,F,Pers,Old,QMM1,FQO,35.84183024,16
May17_OP,F,Pers,Old,QMM2,FQP,8.343480255,16
May17_OP,F,Pers,Old,QMM3,FQR,5.901747735,16
May17_OP,F,Pers,Old,QMM3,FQS,2.324577565,16
May17_OP,F,Pers,Old,QMM1,FQT,28.58533503,16
May17_OP,F,Pers,Old,QMM3,FQW,3.844081644,16
May17_OP,F,Pers,Old,QMM1,FQX,33.17189589,16
May17_OP,F,Pers,Old,QMM2,FQY,9.492670104,16
May17_OP,F,Pers,Old,QMM2,FQZ,21.93434904,16
May17_OP,F,Pers,Old,QMM1,FQO,43.06499935,20
May17_OP,F,Pers,Old,QMM2,FQP,13.64687898,20
May17_OP,F,Pers,Old,QMM3,FQR,8.040817226,20
May17_OP,F,Pers,Old,QMM3,FQS,5.102279307,20
May17_OP,F,Pers,Old,QMM1,FQT,56.67244841,20
May17_OP,F,Pers,Old,QMM3,FQW,7.737574035,20
May17_OP,F,Pers,Old,QMM1,FQX,,20
May17_OP,F,Pers,Old,QMM2,FQY,25.07197019,20
May17_OP,F,Pers,Old,QMM2,FQZ,26.32438217,20
May17_OP,F,Pers,Old,QMM1,FQO,54.86009619,24
May17_OP,F,Pers,Old,QMM2,FQP,19.37989299,24
May17_OP,F,Pers,Old,QMM3,FQR,10.38979129,24
May17_OP,F,Pers,Old,QMM3,FQS,8.614599966,24
May17_OP,F,Pers,Old,QMM1,FQT,65.74724076,24
May17_OP,F,Pers,Old,QMM3,FQW,12.58691778,24
May17_OP,F,Pers,Old,QMM1,FQX,,24
May17_OP,F,Pers,Old,QMM2,FQY,44.93805335,24
May17_OP,F,Pers,Old,QMM2,FQZ,30.16230318,24
